Feature1,Feature2,Label
-0.7453293779539488,-0.5535804835984178,-1.0
0.04821203886055603,0.7862781993840331,-1.0
-0.3635895887362196,0.05182353682242691,1.0
0.08134878064189976,-0.6847096621693897,1.0
-0.9547727110894619,0.6459172413316012,1.0
-0.8577506313128038,-0.09238899744344509,-1.0
0.27993389694594284,-0.2001447440526848,1.0
-0.7832601999092244,-0.7728204429764851,-1.0
0.9500619670508049,-0.012331992003352998,1.0
0.9309486955069778,0.6690223373291083,-1.0
0.3161561049767505,0.9633944342135504,-1.0
-0.7412200183999831,0.11976213181925122,1.0
-0.815145544474473,0.4984421989290573,1.0
0.6832480282896458,0.08172534574677826,-1.0
-0.059541415647085705,0.013094456588333636,1.0
-0.3224356381577176,0.11063173695520723,1.0
0.8421189231357087,-0.19048392527512192,1.0
0.1315676851272598,0.5877693608621982,-1.0
0.20185345212294836,0.2253169299512351,-1.0
0.49442030470258147,-0.02894175483463224,1.0
0.11816482762165625,-0.6657561091830392,1.0
0.9971245001577111,0.09839564971339732,-1.0
0.24204501586252747,0.5903476904587729,-1.0
0.39850473439737344,-0.7935787282393968,1.0
-0.923020090171207,0.6815027222239293,1.0
-0.35003606922223485,0.6589239419101514,1.0
0.9866625932671464,0.50836054691628,-1.0
0.5139894891598108,-0.3830730816242578,1.0
0.9402302414249576,-0.8337166312439206,1.0
0.19228901880867078,-0.2503481682570753,1.0
0.9905051420006733,-0.20058412103102075,1.0
0.07319592376844364,0.5233296311947413,-1.0
0.5675408482615582,0.8000709686991595,-1.0
0.7896985071424791,0.48097288988612374,-1.0
0.45825289049151663,-0.754650890318679,1.0
0.6675577385210272,-0.026511030822603088,1.0
0.8877041827582998,-0.15545060146492962,1.0
-0.22775523070334258,0.17337359529475482,1.0
0.7145959227000623,-0.5125688017504864,1.0
0.11730818896239448,0.861369996363436,-1.0
-0.14857504225490425,-0.3686924469080113,-1.0
-0.24444886145695133,0.8098744458546349,1.0
-0.3804120451021704,-0.8861616065233986,-1.0
0.6424192782063156,-0.6168614717505025,1.0
-0.04859665779334299,-0.6647919526291273,-1.0
0.17320186991001518,-0.3485796116481358,1.0
0.07056874740042984,-0.5812294751079269,1.0
-0.6336381567063083,0.4845229851910213,1.0
-0.09067959792121794,0.32749735217791465,1.0
-0.6298412997445556,0.9610703174694551,1.0
0.6802282424312913,0.8250494101800621,-1.0
-0.11339578475953327,-0.6161611169550205,-1.0
0.9053506419560637,-0.702878284376825,1.0
-0.4642253159252415,0.743946292572677,1.0
-0.005133682830232855,-0.8685108801020184,-1.0
0.014393488629755868,-0.015597819296447879,1.0
-0.5718003850743852,-0.21155265674670132,-1.0
-0.1079153110597656,-0.3075071733307747,-1.0
-0.6766284378844792,-0.8892794066736843,-1.0
0.023271935735825866,-0.9485741865157497,1.0
0.2708322512620742,-0.6203075918327331,1.0
-0.7579447284884996,0.794025189270296,1.0
-0.4512662106334139,0.9848411989623346,1.0
-0.27039382166193593,0.5716126894698998,1.0
-0.9592248584452361,0.34208174871590746,1.0
-0.27566118287125885,-0.8890105307865189,-1.0
-0.22486717663888545,0.5371065418185478,1.0
0.7062422271564962,-0.9346436592010576,1.0
0.7723183917356393,-0.13270579904019764,1.0
0.45565675278571294,-0.057268225864874345,1.0
0.5495288823237355,-0.5257857833425362,1.0
-0.6767970679792448,0.8772005408131083,1.0
-0.2625662312785144,-0.8331397983012472,-1.0
-0.40210002118891486,0.4316595462296794,1.0
-0.6415342714557274,0.9694704332753689,1.0
0.14299168205283586,-0.9629923652845074,1.0
-0.7420583722848444,0.18159771680142567,1.0
-0.9115074979480805,0.28377590579872447,1.0
-0.43268778037109645,-0.2897572013766885,-1.0
0.4971747640084273,0.45830064152865646,-1.0
-0.5117588629782218,-0.513999506202397,-1.0
-0.35036710095278534,0.05476163882203133,1.0
0.8681422543775054,0.860139693349435,-1.0
-0.19187962043558304,0.41184091414726853,1.0
0.5203077009037933,-0.1494182709057581,1.0
-0.4422165826299751,-0.12724616043387205,-1.0
-0.13194330989254965,-0.5123329313787356,-1.0
-0.35482720959055014,0.7972953657795536,1.0
-0.4377031841220902,-0.9034655298045592,-1.0
0.2207696127887604,0.9678600348450305,-1.0
0.8660638895004084,-0.46302557710658643,1.0
0.6492103021160636,-0.015916530800704876,1.0
-0.5344019818675398,0.6527461078518747,1.0
0.6967371653641506,-0.22908779625417808,1.0
-0.19964349217763844,-0.14165832320087912,-1.0
0.6949818861265425,0.8177853298569451,-1.0
0.7689874151805105,-0.3167412363404041,1.0
-0.23511673845787173,-0.016478527284777944,-1.0
-0.17739943934034175,0.8302198645669916,1.0
-0.8899480754723232,0.741120649290059,1.0
0.4926180939928696,-0.3673781068660519,1.0
-0.03755270505788877,0.46267978566960644,1.0
0.6503256863469369,0.8049889996807698,-1.0
-0.3767018731724421,0.25790282704493983,1.0
0.12020905537060844,0.06520459126049205,-1.0
0.030652502205806065,0.07705827913433116,-1.0
-0.567502121669868,-0.42795135663069916,-1.0
-0.3920949072065554,-0.7230955126221911,-1.0
-0.26264292261220035,-0.8769967048762544,-1.0
-0.8188506504653197,-0.9205934153569705,-1.0
0.018221825651549728,-0.06317026067524201,1.0
0.44869362262253065,0.38042000750756233,-1.0
-0.32786445259412145,0.6200727559285135,1.0
-0.00874400629781169,-0.09280496929417015,-1.0
0.15105789178090023,0.12138641815940643,-1.0
-0.8475839866695826,-0.8146698204712856,-1.0
-0.9845433834711326,0.14866272775311296,1.0
-0.7623624560076003,0.8938925830509576,1.0
0.42549333444807536,0.5172690564416094,-1.0
-0.09958194283666955,0.505888678884466,1.0
0.5554317056026274,-0.7798167980501887,1.0
-0.6587521723738436,-0.30410088183119754,-1.0
-0.6450036941680627,-0.9579753248285947,-1.0
-0.18255029150880842,-0.48763622245420934,-1.0
0.5734378881232861,-0.9605731886314941,1.0
-0.3633303178327927,-0.6288275765623724,-1.0
0.6117207462343522,-0.4583657853391331,1.0
-0.9930478694688093,0.20162732004774453,1.0
0.8005866991090829,0.5550849493022862,-1.0
0.8940992036791344,0.9799703293588506,-1.0
-0.4886576011390622,0.02538635566034486,1.0
-0.7401867912549658,-0.638080009162135,-1.0
0.7951861947687037,-0.7405765665687075,1.0
-0.5074823061811361,0.1763869865062233,1.0
-0.17393236974747162,-0.16862648561429017,-1.0
0.4323348010426019,0.6150129680388666,-1.0
0.8447832281168877,0.6129395824945255,-1.0
0.969302535619099,-0.7817461121349358,1.0
0.969878826707639,-0.7663922489500901,1.0
-0.7432234322794921,-0.33208000119637293,-1.0
-0.8648337108451772,-0.9632786374991789,-1.0
0.3975943979627943,0.041951223431636264,-1.0
0.34080354025301784,-0.6390261030599732,1.0
0.864358249839637,0.12809574636620003,-1.0
0.909032520665641,0.3622354416522884,-1.0
0.9966368370739054,-0.9189537840923521,1.0
0.7315895217553319,0.5930443341867842,-1.0
0.3924935564066848,0.04317373579701167,-1.0
0.17231987120162984,-0.03112214471430852,1.0
0.6957486889846172,-0.9105889976877405,1.0
-0.6881838669147404,-0.4873322740435836,-1.0
0.8359801205122058,-0.44795281914801977,1.0
0.6587077755008761,0.6423255259052274,-1.0
-0.8391919485825013,0.11323804584075525,1.0
-0.7273759992664662,-0.4726003778773237,-1.0
0.10112267612279024,-0.8794331142227212,1.0
0.4196000624277899,-0.36652178017385273,1.0
-0.38499277330083026,0.7755276166950106,1.0
-0.9422194390036334,-0.7252684744804805,-1.0
0.5163003483011953,-0.1825564382615591,1.0
-0.7914894856426642,-0.4083028376936745,-1.0
-0.6927100350737134,-0.834045104704215,-1.0
-0.8246970576423404,-0.9875959637226852,-1.0
-0.19063884452148638,0.37330931627975295,1.0
-0.9694997500609506,0.7222669318556592,1.0
0.2697496115169896,0.906437453344411,-1.0
-0.47726717061800594,0.28863055324025577,1.0
0.6954672066898622,0.656780104724294,-1.0
0.4521990282834353,0.0218233967754895,-1.0
-0.8294758763127085,0.8952068376871993,1.0
0.6229665835634828,0.8398022856356172,-1.0
-0.1157935366515922,-0.1740217872919182,-1.0
0.25024289816459533,-0.8598868242335475,1.0
-0.37710952418099974,0.013001923510736035,1.0
-0.22012445414237614,0.9224993811772957,1.0
0.7040797680992236,-0.17418324943523733,1.0
-0.06327001126326548,0.7200365365460744,1.0
-0.3761041637083615,-0.9404752996522283,-1.0
-0.11278725742367346,0.7694929331919369,1.0
0.13087366071834983,0.49646115235529975,-1.0
0.9758652558191313,0.7941973312770843,-1.0
0.004939980934409616,0.7308209649807298,-1.0
-0.9949384161537813,0.4508393714041321,1.0
-0.07299903207570468,-0.7604898300904619,-1.0
-0.23000644690138916,0.29314773026101326,1.0
-0.9205806310110134,-0.13543639047733003,-1.0
0.07773463696498484,-0.8135617378557455,1.0
0.1396512547563129,0.6085272726964666,-1.0
0.11706701642760586,-0.17108452584932266,1.0
0.9109271844938425,-0.6037579810973412,1.0
0.4547398556338591,0.19809763275974013,-1.0
0.6894649691372657,0.20403563462889884,-1.0
-0.9794155057041976,0.039312139841098936,1.0
0.8381152896481102,0.7078350972297687,-1.0
0.7460448792654233,-0.2317265861354818,1.0
-0.1129135757348827,0.6966508238768923,1.0
-0.6746696692367357,0.5707783046689119,1.0
-0.4198276307726677,-0.14282074300124703,-1.0
-0.7258393334401941,-0.5396417287980737,-1.0
-0.4984837053128004,0.15615259736619036,1.0
0.5853543643967521,0.06536615756438524,-1.0
-0.46639745327312154,-0.0938567452342336,-1.0
0.4915945467414369,0.46053949727414,-1.0
-0.3890190111490083,-0.8580280102390061,-1.0
0.3664615348713979,0.4978125080342902,-1.0
-0.34238710769965663,0.8028534485980114,1.0
0.9698210450785447,0.43685070261517955,-1.0
0.8948166560605276,0.8766507618282006,-1.0
0.8172977699624937,0.36830953050684834,-1.0
-0.21923841393156018,-0.5064534196598813,-1.0
-0.8498309991829583,-0.6254471129798786,-1.0
0.45378954138363925,0.7295082286523967,-1.0
0.44844552197831977,-0.07475168258433418,1.0
0.3797857801792298,0.7979141596158941,-1.0
-0.5864508984746485,-0.28064637763084144,-1.0
-0.25923138224579556,0.5596403313082179,1.0
0.22995460589108618,0.6018815896363221,-1.0
-0.033345180956330434,0.9968742518459474,1.0
0.5596486834869141,0.6362913539792481,-1.0
0.755137255673619,-0.128156472254768,1.0
-0.5502153511786775,-0.543763491044458,-1.0
-0.9044646861653318,-0.8737352584354973,-1.0
-0.9305761572539066,-0.26009587923306965,-1.0
-0.012214479785112697,-0.346837209468717,-1.0
-0.8729394873481152,0.6680851365706462,1.0
0.15041689110352818,-0.8704850787171958,1.0
0.9713950940416396,0.024191763891355245,-1.0
-0.9364416497139764,0.668643219924431,1.0
-0.4973629068948079,0.4524395161326934,1.0
0.9508635622504104,0.2056872621955551,-1.0
0.11607264050691624,-0.4743098176973142,1.0
-0.48925269742243427,0.1636559428657045,1.0
-0.3491226309528058,-0.19509322315856137,-1.0
0.7610239909429989,0.9430758377447076,-1.0
-0.13720292245677146,-0.14426274109421366,-1.0
0.628942846779884,-0.8934017468662282,1.0
0.4069079607228706,0.2586208348880388,-1.0
0.22864280550346272,-0.32198384744093644,1.0
-0.3197722207916467,-0.8574058559180913,-1.0
0.3270331615632387,0.8795818549515292,-1.0
0.7578461104643691,-0.16506976320070088,1.0
0.09128667678613356,-0.5105750363568595,1.0
-0.22872965331405426,0.11203890216805235,1.0
0.8707534503372591,0.1647063534322959,-1.0
-0.636370397620706,0.4391349085702184,1.0
0.6717006844058567,-0.43426803600420893,1.0
0.039618825348357145,0.8407030280112,-1.0
-0.9397326097104391,-0.19639646455846482,-1.0
-0.6432466733064107,0.23722679173599448,1.0
-0.7482177041746358,0.3013778741641421,1.0
0.5264026609361132,0.8861957804650745,-1.0
0.8448753109694546,-0.40492206929974517,1.0
0.5456167893159349,-0.6107043859580235,1.0
-0.02821791727903933,0.3769444294249076,1.0
0.3245858299002703,0.5387017979527142,-1.0
-0.15796670562357873,-0.9653297332735167,-1.0
-0.7347976323182746,0.5373956029379229,1.0
0.04521867010618941,-0.40706006515829685,1.0
-0.302984259004732,0.1552402459307125,1.0
-0.6055237214299647,-0.270826512450552,-1.0
0.04544638034145787,-0.3865886107892923,1.0
0.658693631618945,-0.8246287213765504,1.0
-0.48094020909172963,-0.08192344780084937,-1.0
0.6804993020747131,0.7692231478381336,-1.0
0.4799388347171235,0.16481481572943713,-1.0
0.24723107440317704,0.29872557358877305,-1.0
0.5609379715353863,-0.3198592282396996,1.0
0.9495206236576421,-0.4600146202841445,1.0
-0.8042220143164539,-0.34570744767503814,-1.0
0.37487057952370406,-0.2624176984111085,1.0
0.13882717264941014,-0.9326493985312283,1.0
0.733113022415281,0.5718722712271865,-1.0
0.651666825375885,0.8117697880901376,-1.0
0.7046807627366467,0.15124682873493456,-1.0
-0.40916673943098925,0.24317219099945409,1.0
-0.5598475062603987,0.37728416310462265,1.0
-0.39245514809856163,0.7133495858845524,1.0
-0.08513560977955148,0.17803596686975143,1.0
0.3509150125520787,-0.6808995267567444,1.0
-0.4812093782566339,0.3924451074226354,1.0
-0.03417783884678005,-0.19741432042018714,-1.0
0.9994137257706666,0.05195657755426841,-1.0
-0.4013415158029634,0.08870253375705561,1.0
0.4888465802569202,0.4639324866883362,-1.0
0.022123551528997254,0.35325140850206416,-1.0
-0.20455003921027082,-0.14773612560881855,-1.0
0.6855652872289714,0.9189265336395545,-1.0
0.44375021930457115,0.11476887186921747,-1.0
0.25813343270112754,0.4829688720853552,-1.0
-0.19407459988237885,-0.3477757404545275,-1.0
0.3742707957561203,-0.6812474970679301,1.0
-0.5623968759446081,-0.21101484007920668,-1.0
0.70096913145912,-0.30371122412186025,1.0
-0.6241117148542307,-0.6568326468273418,-1.0
-0.9685708143132657,0.5325894325515859,1.0
0.8543850933695791,0.2730708099728124,-1.0
0.46369840493998216,-0.7693301882822413,1.0
-0.46417231552691873,-0.4016425157022412,-1.0
0.8441704489691971,0.44973984245054,-1.0
-0.26638561943859795,-0.9289923354667445,-1.0
0.1771497894473859,0.7228143032084837,-1.0
-0.3048554459524062,-0.12879551773694797,-1.0
-0.6069022753332396,0.3469532018962277,1.0
-0.4877780791873255,-0.5694706615377925,-1.0
0.8601223971892046,0.2135113663106719,-1.0
0.21567515239771717,0.6509734671509542,-1.0
-0.5141282408136744,-0.015889680963502184,-1.0
-0.8590757750252374,0.24595772838450813,1.0
-0.19780301924596033,0.16068137325955567,1.0
0.03934354066850965,0.3473433262588427,-1.0
-0.30810480230730675,0.8388980864459341,1.0
-0.16755735919957826,0.6279003894909078,1.0
0.1881211597237613,-0.4873114889834914,1.0
-0.8499513353060157,-0.4228001132654492,-1.0
-0.914652535006232,0.08550853085446808,1.0
0.31931363759041487,-0.7787905581803978,1.0
0.9007018640112585,0.6425651995351915,-1.0
-0.20996956369293862,-0.04946894741379648,-1.0
0.2001502442448101,0.7330712960296748,-1.0
-0.46468986854740835,-0.3639039535904578,-1.0
0.21921398735804432,0.3554930104413574,-1.0
-0.3305130448018099,-0.6952489046138667,-1.0
0.27340707193070624,-0.5915467869293013,1.0
0.04086861626647886,-0.869913759869368,1.0
-0.7608198957840744,-0.5889789247344542,-1.0
0.3922440450997323,-0.16786582204225808,1.0
0.5553635509376312,0.5799837874281313,-1.0
-0.0867594474435287,0.4087341710980964,1.0
-0.33245010070852954,-0.36585786170426315,-1.0
-0.9756840335685462,0.3623938991166331,1.0
0.8955232284962005,-0.34121663328928264,1.0
-0.2680060581885949,0.17701048427674682,1.0
-0.9419163878318005,0.2063337184057925,1.0
0.07845638134226596,-0.7319363591771237,1.0
-0.8251613727395875,-0.38921992892423174,-1.0
0.558404249735805,-0.471062865972788,1.0
0.15954468011318834,0.0032182636042786816,-1.0
-0.7627509125031999,0.5188380571260721,1.0
-0.13798551772737744,-0.7231856922086942,-1.0
-0.4857655615863884,0.7474709381337565,1.0
-0.5121459560736376,-0.9335561556442251,-1.0
0.6432882184423532,-0.3968478905336118,1.0
0.0415728590503921,0.9368224620330918,-1.0
0.16352387258502277,0.18610141784627732,-1.0
0.9839776479598282,0.7987141916545746,-1.0
0.906354385094736,-0.2012167642263346,1.0
0.07219840897917584,0.4982556822634536,-1.0
0.944765729882428,-0.9238691405096998,1.0
-0.29125530225702356,-0.8850670029404332,-1.0
0.7508710677914974,-0.04976264617919757,1.0
-0.06384522583921903,0.03654966784809488,1.0
-0.9626518112507856,0.8556964681062857,1.0
-0.2148240386069864,0.3689136395697724,1.0
0.8554605840110072,-0.9816093234525333,1.0
0.6334008543167258,-0.8974902720093207,1.0
-0.4799319788221892,0.6791023191444896,1.0
0.15643704267108605,-0.23639420584023918,1.0
-0.5896170769643703,0.32235384497472297,1.0
0.61714498660403,0.05705472115125432,-1.0
-0.07812576497688317,0.12758030279556376,1.0
0.9699143978146032,-0.13787238273454938,1.0
-0.7757306905394402,0.9208418826173723,1.0
-0.19255984483593747,0.9383404568210378,1.0
-0.1019694510500131,-0.384701974930198,-1.0
-0.06940478535608374,-0.29736622691448367,-1.0
-0.3049647711414468,-0.6054239244023536,-1.0
-0.9944778828763976,0.08023374566164221,1.0
-0.44977345784373823,-0.6422017346745582,-1.0
0.3459349925469629,0.44019899795549056,-1.0
0.643577695196525,0.722070938202737,-1.0
0.028782676313338973,-0.11912924080107157,1.0
-0.0243897991400851,-0.6381469067948613,-1.0
-0.24472957950319207,-0.47855431095641054,-1.0
0.5519068387744855,-0.30252853833071636,1.0
0.21296416150891073,-0.8711301325265548,1.0
0.057558760016644284,-0.055733510886566084,1.0
-0.6756662468846244,-0.03718964292597404,-1.0
0.7378969166957685,-0.9775306916798826,1.0
-0.8985791715507835,-0.5822390207249003,-1.0
0.4089529444142699,-0.7055342404580823,1.0
0.7364020150656405,0.2495461998495061,-1.0
-0.9019174192157554,-0.7049592923458438,-1.0
0.056375496650927115,-0.627311482987686,1.0
0.3079299415911909,0.11409578488793337,-1.0
0.45231828451830014,0.44861063095454257,-1.0
-0.48091821486378195,-0.08490993159295679,-1.0
-0.611322710310518,0.35609672589784624,1.0
0.8717835665922017,0.6195893374598407,-1.0
-0.23921495138310256,0.507610378684455,1.0
0.6765133857772465,0.4117655415845085,-1.0
0.6545112142811352,0.6246635688542638,-1.0
0.8564898411883223,-0.3349633254537445,1.0
-0.28384932577680644,-0.4402443163616174,-1.0
-0.1099946581824337,0.2310747965880714,1.0
0.7915790437258485,-0.3025797327531601,1.0
-0.9418362044945242,-0.007183161000929639,-1.0
0.575474177875879,-0.26196638357362956,1.0
0.09120610304869037,-0.0756038046234696,1.0
0.14249554290151323,0.2975484513188206,-1.0
0.4148195023376652,-0.9130132400885899,1.0
0.5538542844013208,-0.32035271730693016,1.0
-0.6324655777084686,-0.9944942008395792,-1.0
-0.07530638172143722,0.25179905890695276,1.0
-0.4974339235365576,-0.7193167844840257,-1.0
0.6182180633162611,-0.769991162712297,1.0
-0.710248547086232,0.7602278598896866,1.0
0.10077800137742665,-0.33632883463735186,1.0
-0.8228893205929511,0.6322642879195304,1.0
0.33945019254280606,0.3269316163380791,-1.0
0.409334006315043,0.29282203670096474,-1.0
0.3456672833238632,-0.3790844822325229,1.0
0.901158010490989,-0.5325984887501303,1.0
0.03158614482564204,0.5542265141320166,-1.0
-0.009946149895736722,0.4532888347480276,1.0
0.5230978441701488,-0.05003881604977467,1.0
0.616650314520738,0.645810812655206,-1.0
0.09783416065100148,-0.42348352448574644,1.0
0.6000205481193037,0.1317287734545619,-1.0
0.8521815003185401,-0.16298667163632796,1.0
0.05630327568183735,-0.5201243796960912,1.0
-0.12266064661901899,0.34569599350391944,1.0
-0.29698104110482215,0.8165994394715771,1.0
-0.5456226654400391,-0.9882933892690959,-1.0
0.7140869321324278,0.9580734801193802,-1.0
0.980032575285477,-0.6581278339613139,1.0
-0.13689657412440648,0.8170720709492799,1.0
0.17968310887024197,0.33451128874193214,-1.0
0.7823854840582735,0.33021506487149754,-1.0
0.21066218900566658,0.40990488969628824,-1.0
-0.9535495872800023,0.25243694434402075,1.0
0.60617463445088,-0.652190792097807,1.0
-0.16469750441076203,0.5698896848713165,1.0
-0.036380022910747156,0.5021950103312426,1.0
0.32295647294124596,-0.658182648302124,1.0
0.7533781852589416,-0.975599218443462,1.0
0.6350936508676438,-0.8631143699311927,1.0
0.04600264202175275,-0.8283207141516965,1.0
-0.9640577262032579,0.1785446620543336,1.0
-0.36684862440597765,-0.17175074756278164,-1.0
-0.5724589816414504,0.5812382214226123,1.0
0.8685991281894603,-0.8895258868686053,1.0
-0.6006840841906919,-0.10769750186034777,-1.0
-0.04447630404506531,-0.8157751607619739,-1.0
0.8734232380816606,0.9331133313435577,-1.0
-0.037073124762420195,-0.5288321010671854,-1.0
0.7948095487499294,0.020944961030912812,-1.0
0.16761921628831766,0.24697879907199982,-1.0
0.4217209268734554,0.421248053294072,-1.0
0.033203108791366565,0.7264617151130048,-1.0
-0.45730391684175153,0.15285913918433203,1.0
0.5197739485560177,0.13535408227768553,-1.0
0.727169069766308,0.7076809347409158,-1.0
0.43747492202372906,-0.4925322662391638,1.0
-0.17751943636563905,-0.9543512544976163,-1.0
-0.036884888410826155,-0.8919742458693086,-1.0
0.5406351216101065,-0.8185645649102027,1.0
-0.8305072533139075,0.20513964048200717,1.0
-0.16013869713327966,-0.5496490210945874,-1.0
-0.0423747154946198,-0.758106171741161,-1.0
0.02535074341545751,-0.375851092150866,1.0
0.8647223762550532,-0.7402462162396738,1.0
-0.4316913966645284,0.004632023004602859,1.0
0.7506147516408583,-0.7535979667608932,1.0
-0.2775478847384947,0.4189254495045479,1.0
0.8682712805132586,0.4875711936733843,-1.0
0.45454106476777323,-0.5824192242150716,1.0
0.5475923761537362,0.9963343376272473,-1.0
0.9758520794625346,-0.10732828892302515,1.0
-0.8479751468713519,-0.4925880612821911,-1.0
-0.23519019909700456,-0.8039022872616071,-1.0
0.18097695270948977,0.8316970436757735,-1.0
-0.352525285845397,-0.559676581631651,-1.0
-0.6322406491227104,-0.878974999514807,-1.0
-0.14699054453263993,0.5953850173200438,1.0
0.5923503285933622,0.785651618080232,-1.0
0.8967884099060118,-0.9542579661874871,1.0
-0.8012843184658276,0.8967654246264252,1.0
-0.229032820045439,0.11483682473920354,1.0
0.3581627180328405,-0.12137001364484201,1.0
-0.051114462746666756,0.5321134852653157,1.0
0.6512329770414921,0.5125026487703317,-1.0
0.4921162930795382,-0.238972097497972,1.0
0.37625958553091576,-0.12990112609907012,1.0
0.9472485773838587,-0.38413681181769543,1.0
-0.9028235062292315,0.06570863942835237,1.0
-0.39357094034041007,0.424130671302386,1.0
0.39654278232127016,-0.3681864729833316,1.0
0.14834320096208886,0.05225787928602377,-1.0
0.24014561877819307,-0.06277151276354886,1.0
0.38610263780077425,-0.6443272835350509,1.0
0.11191961939772788,0.06265320345535452,-1.0
-0.9259553482659096,0.39785559904574164,1.0
-0.6890176782843378,0.9293759891275858,1.0
0.4505441353100935,-0.519413422673352,1.0
-0.6691019751473508,0.17088758739006582,1.0
0.46866064199412627,-0.5980690863907578,1.0
-0.8053774881792349,-0.6309469782390834,-1.0
0.6936822257814886,0.08217166747642735,-1.0
-0.10488225929346362,-0.41780125340588614,-1.0
-0.6953208609019592,-0.39934893345164413,-1.0
0.19954245092914513,0.26982072012821434,-1.0
0.07276300636419353,-0.6601250362319339,1.0
0.876653602658345,-0.3813886217848157,1.0
-0.3050489110975383,-0.9290677838662266,-1.0
-0.48432057230350223,-0.39807656898486843,-1.0
0.5031362585800877,-0.3994831395663466,1.0
-0.2740443211297606,0.9321182824836124,1.0
0.9621725484745419,-0.5786429977229298,1.0
0.12804583895777244,-0.6990364330531837,1.0
-0.8440054796637974,0.46077876803272577,1.0
0.4389714207056361,-0.40970505748519226,1.0
0.7975591006371882,0.6561618376810715,-1.0
0.32004960103061175,-0.19343885213855028,1.0
-0.9152079839541968,-0.6541225392621426,-1.0
-0.3764143119972403,-0.004562483808690065,-1.0
-0.6944756893419765,-0.5695725896790098,-1.0
-0.09243352607390698,0.06337497047276774,1.0
0.8496473906774115,-0.1487930859512313,1.0
0.7704074178077932,0.7746535311811819,-1.0
-0.17126249084807066,0.6057748193568872,1.0
-0.6620048431484642,0.6718927435987284,1.0
-0.06304217696893721,-0.4282276479516778,-1.0
-0.3545277040928322,0.5805883502780435,1.0
-0.6322841969405665,0.3981686935909433,1.0
-0.9631130526454672,0.8995745732745685,1.0
-0.016321074736586394,-0.5781718214611686,-1.0
0.6830067734163568,-0.7850596214092432,1.0
-0.10744100151002223,0.12429722348554473,1.0
0.03667142693354297,0.9062545805210367,-1.0
-0.7055511079304143,0.06707647738842748,1.0
-0.0404233556789666,-0.09754669271415828,-1.0
-0.2919274222039545,0.6903948286293653,1.0
0.08350071669866876,-0.9787305891496129,1.0
0.404140321651033,0.8778300781520408,-1.0
0.806834739267264,-0.18089768232580028,1.0
-0.5762617463512372,-0.020895061984845476,-1.0
0.11752624677710488,-0.12632288581366125,1.0
-0.9808077231769433,-0.3213300433274352,-1.0
-0.7151595056225324,0.2322126951468173,1.0
0.5360963663441204,-0.030897369859188673,1.0
-0.7839618174904004,-0.3829334838821987,-1.0
0.12915941515149498,-0.4075922153404824,1.0
-0.6132646536994626,0.7222525683930663,1.0
-0.8902638013224965,-0.4660325274522362,-1.0
-0.9638396194752379,-0.9061427151766438,-1.0
0.3287516102875082,-0.06797189448998253,1.0
-0.9583270993976157,-0.10990296481619166,-1.0
-0.13382385422506482,0.36426986104807546,1.0
0.6220867002278735,-0.7401964189358402,1.0
0.6726021182251263,0.5233909113743664,-1.0
0.5857755812734633,-0.953034033224945,1.0
0.24773098950115746,-0.7421123145667977,1.0
0.7090605194509164,0.7457337827312321,-1.0
0.8679182945200221,0.6541746014740745,-1.0
-0.42993882991063503,0.5648411332626164,1.0
0.23754413087432746,0.7756118509253275,-1.0
0.6668642575461043,0.9720053296315371,-1.0
-0.38606641523993823,-0.39892583319976704,-1.0
-0.6198043812141429,-0.2067386495617456,-1.0
0.4686931597949703,-0.4491426293908607,1.0
0.05708685608931485,0.13924537111759516,-1.0
0.7192017782722638,0.5614845879595237,-1.0
-0.6524284757610179,-0.9518571640216466,-1.0
-0.1724621044331257,-0.24882195219158187,-1.0
0.08483771408519192,-0.4605087076246628,1.0
0.9997176732861306,-0.5041242649212292,1.0
-0.09997687660198884,-0.25117366303669353,-1.0
-0.10795344482288671,0.7375012481097484,1.0
-0.4600428697194404,-0.20542172129980973,-1.0
-0.34803874049739947,0.12466268120326685,1.0
-0.8841309404748703,0.8655071258939803,1.0
-0.9485212487500106,0.9064721109645469,1.0
0.6408747448032146,-0.4178295398237267,1.0
0.8017280830697918,0.3679407513020845,-1.0
0.15190269351229435,-0.2918279113547184,1.0
-0.662384828596372,0.5230654247691193,1.0
0.3910815366517607,0.8026433097957104,-1.0
0.9053819764192637,-0.7503319911408141,1.0
-0.5482323212627709,-0.674895984568301,-1.0
0.822537242923169,-0.2417615242959087,1.0
0.8078459419412586,0.23879621138153928,-1.0
0.6847311725538793,-0.005092177353564709,1.0
0.08162998203058958,0.39152569817782934,-1.0
0.04530400977204452,-0.0999813581518949,1.0
0.2820345725713065,-0.31159760357226396,1.0
-0.6254598811526375,0.16893506307216455,1.0
0.3881699262065219,-0.9172013320748735,1.0
-0.5739166161096285,-0.3134100865073932,-1.0
0.9929647961193003,-0.5722268662641377,1.0
0.5148173539296902,0.4296568127389351,-1.0
0.7252576604151365,0.7356631142391898,-1.0
-0.487906941700719,0.12748866233198242,1.0
0.7771469159274368,-0.1252983273158006,1.0
-0.5728922113737437,0.8418287767582721,1.0
-0.6886923008439964,-0.8377665942175206,-1.0
0.8129010091300776,-0.27657988631141506,1.0
-0.8804057540616983,0.3236792364042437,1.0
-0.15564291726038404,-0.577965739872361,-1.0
-0.8865264787594109,0.5427244433475962,1.0
-0.7990663113409435,-0.6987347392399996,-1.0
-0.10580912533588172,-0.6195994510295904,-1.0
-0.6149022713980747,0.7499604703991778,1.0
-0.013113063399482705,0.2850951686938471,1.0
-0.7778921895292698,0.8145747202313821,1.0
0.0516817211686077,-0.7921137448539727,1.0
-0.47295853608834837,-0.39620454705061225,-1.0
0.5543540525114007,-0.7313226406150539,1.0
-0.2693494897607539,-0.887419609588063,-1.0
0.9862107444796029,-0.6498747408332699,1.0
0.07244688779455888,0.9373880664971189,-1.0
-0.7565177034237007,-0.9165359150106167,-1.0
0.3533522280260528,-0.8234719679944917,1.0
0.4741738290873252,-0.8822489171098589,1.0
-0.7251939644518639,-0.15855244691524006,-1.0
-0.9097102299455917,0.03353243473577938,1.0
-0.40758543113795753,0.0366832028905979,1.0
0.3764633668780496,-0.9085131626022451,1.0
-0.36689854272673206,0.6114542354346478,1.0
-0.4938581371597559,-0.7065111767918784,-1.0
-0.4091070568117582,0.8212573046720129,1.0
-0.6030184829257166,-0.6830534122088807,-1.0
-0.773504224802062,0.39728729056036727,1.0
0.9872761293149445,-0.7343999574112939,1.0
-0.376140675323427,-0.323822437924566,-1.0
0.9362122462436898,0.005229613542912737,-1.0
0.6201325978015367,-0.35035335100763154,1.0
-0.18453857154516584,0.5245113895702547,1.0
-0.7680529038840246,-0.6946893233032687,-1.0
0.12887972191064923,-0.9321629408948281,1.0
-0.8047570122019555,0.49836777273947974,1.0
-0.28782077865246414,0.8698963620621283,1.0
-0.1940074502248419,-0.5407348028267861,-1.0
-0.8801346326663172,0.6651972206962001,1.0
-0.1984628881170104,-0.8794415835963098,-1.0
0.22845474133129873,0.5606600944161709,-1.0
-0.2909537382775673,-0.1809364861383439,-1.0
-0.34001595396582096,0.9084505613336283,1.0
-0.5048230898887298,0.3220791655831783,1.0
-0.7712018345083775,0.25464065476376385,1.0
0.9446142194740232,0.5435382173426461,-1.0
0.9041586944937484,-0.9936141282831664,1.0
0.7965372909761763,0.28590678923916013,-1.0
-0.8081326752812571,-0.023199671489340656,-1.0
-0.67532407310994,-0.9562609276910526,-1.0
0.6275580800840634,-0.12088169243783531,1.0
0.22359583851945264,-0.6453778423592235,1.0
-0.5439300157829641,0.618254771530296,1.0
0.26899340443509767,0.7764474464997246,-1.0
0.49888815345135606,0.5650219928590161,-1.0
0.43861541918959046,0.5982252940637388,-1.0
-0.8958903506158337,-0.43955936901956005,-1.0
0.9611905638239142,-0.2809540948157545,1.0
0.6734324333249173,0.250966661340298,-1.0
-0.7368874300891571,-0.33079973706192156,-1.0
0.877472013527053,-0.9248622182641912,1.0
0.11119748230615134,-0.0020658894666625294,1.0
-0.12262692807204456,0.400763060875326,1.0
0.912363345616691,0.11833619092338732,-1.0
-0.45330258728593,-0.48734524685494707,-1.0
0.8127995672575026,-0.11402225176381287,1.0
0.9307573256035647,-0.9084179266733658,1.0
0.4626229567393163,0.3342383186960608,-1.0
-0.30906226189753405,0.22925139523264149,1.0
-0.5680549813578842,0.8062012797930613,1.0
-0.9565874671451808,-0.5057875527497001,-1.0
0.531169528001032,0.5324206822752171,-1.0
0.47396164026287235,-0.12846319384762372,1.0
-0.7286509682261041,0.9865152487929797,1.0
-0.1329276814198963,0.6439995432390158,1.0
-0.9377082018699373,-0.04493948851501106,-1.0
-0.29803312274229665,0.02709599250348349,1.0
0.09390071578941839,0.5612227882825249,-1.0
0.19579113478929644,-0.4335953597031028,1.0
0.3961726916092554,0.10547369995663058,-1.0
-0.6669980869418021,-0.27332900792967674,-1.0
0.6588854702326572,0.5454318694069055,-1.0
0.24710323401014644,0.6956181464968069,-1.0
0.9651186964360455,0.26015779096205116,-1.0
0.6715731955927996,-0.3415481653415745,1.0
0.435583314812933,0.7720124763099904,-1.0
0.8633336495718252,0.3959704726624549,-1.0
0.011353644767419069,-0.2328117110688731,1.0
0.7764129607419968,-0.4097693331309129,1.0
0.10493017841817487,0.5422372054918483,-1.0
-0.2818769237735056,-0.79798433159751,-1.0
-0.1773856814863216,-0.5287128326018354,-1.0
0.3189756302937613,-0.7377359557001749,1.0
0.9506071469375561,-0.055940660313386736,1.0
-0.2931426561523829,0.4103968269896615,1.0
-0.8786150605775711,-0.28596735553314356,-1.0
0.10659303030799072,0.8064036172328395,-1.0
0.6981617140197451,-0.9421573234366036,1.0
-0.8931230769052562,-0.4592062450144556,-1.0
0.0823810456158427,0.29544477747742026,-1.0
-0.36659624348957653,0.3488682665429953,1.0
0.32866454536991596,-0.43205476944737053,1.0
0.02458691645880151,0.737508359459007,-1.0
0.48864319040466575,0.34970322974584955,-1.0
-0.5277850748380507,0.18704374855752337,1.0
-0.239710176877865,-0.40633920879146157,-1.0
0.9743948076661665,-0.2204155264332467,1.0
0.6675933855635847,0.8705784250460069,-1.0
-0.7151270980380772,-0.36532872674605854,-1.0
-0.9143417504035695,-0.45335177981221153,-1.0
-0.030090147838005676,0.7994103989090426,1.0
0.8584127518430118,-0.08268642453775721,1.0
0.48666894142470285,0.9983475113929496,-1.0
0.40348286621239704,-0.24728336044235877,1.0
-0.9656114788847816,0.21144800699654465,1.0
-0.8134814896001458,0.8767656367617495,1.0
0.29321077169806453,-0.8194246548726665,1.0
0.14707348092903794,-0.2201546048488564,1.0
-0.29751591601289074,0.18192813049527112,1.0
0.8056701529500532,0.7767105569551812,-1.0
0.441530501373377,-0.13795734901068657,1.0
0.39692327620159606,0.0991780995872159,-1.0
0.6181282404578958,-0.7329717298305787,1.0
-0.6967248524324045,-0.39209478590929625,-1.0
0.48050694725782894,0.7328015447662506,-1.0
0.07857849715502074,0.9918099513493635,-1.0
-0.9123572532361615,-0.12102109971773267,-1.0
-0.31186529391345785,-0.6936865012217873,-1.0
-0.335088275512782,-0.09710500480801276,-1.0
-0.07282218052054734,-0.3321953167735935,-1.0
-0.303970203325027,0.47206694510999925,1.0
0.040728802318970136,-0.727692673480631,1.0
-0.8165954901465662,0.9208724005318132,1.0
-0.520818122370269,-0.46697113275386004,-1.0
0.9548652806631941,-0.5747864955307666,1.0
0.44590270637674834,0.18519556786746794,-1.0
-0.6398635925284809,-0.17071320068324447,-1.0
0.23605046334646396,0.7655128989911097,-1.0
-0.9063252321719075,0.3334991716911442,1.0
-0.8624790558540067,0.6411476328852973,1.0
-0.8921085730066955,0.4811401018548175,1.0
0.3808908566310215,-0.04434850177024663,1.0
-0.7078553514647818,0.370472102791382,1.0
0.026511310541621813,-0.48108229471716246,1.0
0.9963339160567419,0.6034876665964548,-1.0
-0.8536260078377509,-0.48342737155402093,-1.0
-0.9386503728893318,-0.1257774753148242,-1.0
0.4513870243296755,0.7643726622217359,-1.0
-0.4599880853954894,-0.08922983835608478,-1.0
0.49161587511683236,-0.725944779312794,1.0
0.7615106317174722,-0.40373012151794696,1.0
-0.7631294410255179,-0.37907143252156883,-1.0
-0.25350859488197586,0.39900270387013026,1.0
-0.10144581147292075,0.6067150463828559,1.0
-0.6011772191030995,-0.6832383229324733,-1.0
-0.6483773127603656,-0.03287338474082957,-1.0
-0.43872280243050377,0.24240973241508024,1.0
-0.18701426128390652,-0.8592884719512416,-1.0
-0.9254493563202292,0.18656702405130576,1.0
0.6034485933813779,0.28713795808457554,-1.0
-0.421719859003826,0.7999160853731894,1.0
0.16748258225906976,0.615985450260179,-1.0
-0.674816677973253,0.5567628930139298,1.0
0.08410680611499743,-0.9230467983707908,1.0
0.43088752366180594,0.956614621083458,-1.0
-0.510547239722437,0.3349056146570861,1.0
-0.2709928319590127,0.9823786169086064,1.0
-0.4790420227279578,-0.4171931649165104,-1.0
0.4591357562382613,-0.03700799614100536,1.0
0.9860010638228709,-0.7670405252463662,1.0
0.5412963353010705,0.03531135494023907,-1.0
-0.4703494216439935,0.4620058036441327,1.0
-0.18988660532081925,0.27074467314355377,1.0
-0.7192276375591442,0.9148459010681,1.0
0.2809631895922303,-0.8329660539079248,1.0
-0.45204051102630705,-0.8578628762065423,-1.0
0.6203095513534647,-0.9707527169654409,1.0
-0.8134299411139642,0.9650269106665126,1.0
0.47320990669155716,0.3382675059944984,-1.0
-0.003303146147023206,-0.9984348948085271,-1.0
0.8670314961224486,0.08860042967961723,-1.0
0.9327284833540133,-0.7761823851773769,1.0
0.03113408288451136,0.7480731794295321,-1.0
0.3251900642246949,0.08060151375712465,-1.0
-0.9323874364077851,-0.7199626704495106,-1.0
0.8689049844787182,0.16577454016327575,-1.0
-0.18198523407750689,0.1397723766262895,1.0
-0.19632792310088554,0.8306194077877291,1.0
0.8911431136980711,-0.9821260652665862,1.0
0.2576828885112137,0.0585509292439792,-1.0
-0.8716057105458748,-0.32926768809416596,-1.0
-0.8040171375808548,0.3630822963986351,1.0
0.32361021914954125,0.2965355812876552,-1.0
0.7734731256866006,0.7279393069737652,-1.0
-0.4133915368245259,-0.31367280331390257,-1.0
0.20052472670033672,0.7550419287462783,-1.0
-0.9743579341935643,-0.842045177164652,-1.0
-0.0655639731944857,-0.49479322642336176,-1.0
-0.7507077708511251,0.9899602323899452,1.0
0.36852634372376114,0.6564786073315027,-1.0
0.06936130087516545,-0.5239495978009003,1.0
-0.6405088487802448,0.8617856210135173,1.0
0.4303058948994627,0.2522410201733616,-1.0
-0.688288923910589,0.5935924535540487,1.0
0.6258599157142364,-0.4025868978296917,1.0
0.4922778564480348,0.5180787662388154,-1.0
-0.6507904253873391,0.8721239089441515,1.0
-0.6856440189236733,0.3366042781939206,1.0
-0.8439813595575635,0.12063587110060081,1.0
0.2732595269982093,0.3819396396528959,-1.0
-0.30756384867563036,-0.739713142433997,-1.0
-0.060501058435810884,0.5868411180208791,1.0
-0.48167034763626326,0.44076274693822814,1.0
-0.6013369722276869,-0.7930074215615732,-1.0
0.3706421470668909,-0.3741086235629909,1.0
-0.8319857922551366,-0.9303588518375943,-1.0
0.9694123223352875,0.45818688673789265,-1.0
0.6926259522261645,0.06766836190000158,-1.0
0.13271575404306035,0.40149431586128825,-1.0
0.7260913337226615,-0.578575449407502,1.0
0.4734717707805657,-0.4458219974842066,1.0
0.9771741842213173,0.2013637821359744,-1.0
0.9626484146779251,-0.5905883478087596,1.0
-0.7213535357633886,0.6242379959139921,1.0
-0.7720648374580583,0.5744731131799119,1.0
-0.08060802678558265,-0.10747671004515391,-1.0
0.8623637087467452,-0.36599429690038865,1.0
0.10456784033440025,0.18802473461541613,-1.0
0.011620539908100636,0.9846697395245082,-1.0
-0.03041537223544144,0.08692028808742369,1.0
0.18211791568869928,0.5882022669483905,-1.0
0.7067772168854458,0.28218707469320015,-1.0
0.1629344270814297,-0.08558805407504022,1.0
-0.9878792253561067,-0.3874265316551808,-1.0
-0.5027514941076145,0.7476093801762511,1.0
0.012154474689816341,-0.7036918795440099,1.0
0.12518579220255044,0.846514338690278,-1.0
0.7545428740846823,-0.5539942270420443,1.0
-0.7587985424004585,-0.12630140653365496,-1.0
-0.3188821460350172,-0.26850350965963765,-1.0
0.5492266647061205,-0.1315320241020872,1.0
-0.7087708598019581,0.7482596903836584,1.0
0.3264613082439919,0.160071634954573,-1.0
-0.19160265188353887,0.44741236682345464,1.0
0.9866301229588469,0.4187933190741614,-1.0
0.1626169393448913,-0.8261047507805127,1.0
0.951811785423239,0.9812970904972467,-1.0
-0.6193767065234199,-0.8957751971916523,-1.0
0.01083765148029836,-0.1508043484346807,1.0
0.1221099140100268,0.8998333456872725,-1.0
0.24734810174319766,-0.5048534729860257,1.0
0.2768277972350516,0.6361773647082327,-1.0
-0.8836336021145239,-0.7625665316251937,-1.0
0.22726962726315147,0.2037664591276891,-1.0
-0.3157669734878431,0.26924323094938096,1.0
-0.8256335709950086,0.14991742734877378,1.0
-0.07168143741227462,0.41462412372702373,1.0
0.20584121003676825,0.03361360018328263,-1.0
-0.8674753272581516,-0.8599759024466823,-1.0
-0.5970198212348385,-0.49373394050479724,-1.0
0.6567366645412922,0.13347997241594378,-1.0
-0.3406460777942173,-0.6811331816788612,-1.0
0.8902637838909163,-0.7683282986165566,1.0
-0.014349545889399296,0.13927207266338726,1.0
0.9681934279147217,0.9280836403260497,-1.0
0.31036195892357377,0.17742876946970687,-1.0
0.5706097466388297,0.9456981470002823,-1.0
-0.4573553652924234,0.23818278104672652,1.0
0.6385259476640855,0.5303021332491583,-1.0
-0.9878915247651125,-0.36309768254525676,-1.0
0.5177116433847114,0.4615574744197899,-1.0
0.8785155613013479,0.20488127415071256,-1.0
0.34825546702330035,-0.7129618668250872,1.0
-0.9889687355713528,-0.6452287081640158,-1.0
0.9747931621467831,0.6764679372263622,-1.0
0.16975790508754074,0.6102251494776413,-1.0
-0.47524356836776216,0.2768776481472037,1.0
-0.13926941674365656,0.7952673118598902,1.0
0.6601973767177313,-0.10544777310590858,1.0
-0.44319873754164985,0.19068772066366657,1.0
-0.7434372162986362,-0.6856498868162516,-1.0
-0.1591284205740774,-0.2016196594816475,-1.0
-0.9068972321941008,0.1533514031160802,1.0
-0.1285394098122823,0.9295291442478258,1.0
-0.044665313496071724,-0.5700689226098519,-1.0
0.38855810127034573,0.8221031606002255,-1.0
0.6832953766065052,0.6613706110704144,-1.0
-0.6589336489497415,0.6939484444671,1.0
0.531354631568148,-0.9734677961261803,1.0
0.5836561118508721,-0.7795137909298246,1.0
0.3746126146264712,-0.12610992243748476,1.0
-0.7653579181445465,-0.4067784298926157,-1.0
-0.40552366481382696,-0.9668106454375738,-1.0
0.742706521199981,0.7886149646724064,-1.0
-0.7847981279827625,-0.08671305242376326,-1.0
0.8105533307818329,-0.12253913736961963,1.0
0.0944429607559284,-0.2674279027897497,1.0
-0.33747771564601803,0.890527280739895,1.0
0.07379656473539886,-0.6156733528403183,1.0
-0.23838038467128242,0.5334610919763215,1.0
-0.8722865163647652,-0.9363590907133577,-1.0
-0.9834121710721438,0.8464522917345182,1.0
-0.6957577570404623,0.06107795985486375,1.0
0.4182430362906189,-0.7755594281633393,1.0
-0.45328972065672035,0.7891712386073383,1.0
-0.10278424204667325,0.5862298320167972,1.0
0.11355759219962902,-0.2025739783930719,1.0
0.026366974497252005,-0.4199137921621888,1.0
-0.358028499556734,-0.35711808994129235,-1.0
-0.818561652304373,-0.8125880559024178,-1.0
0.6391199378155004,0.2565300624442478,-1.0
-0.5032331411408306,-0.6960535987592762,-1.0
0.6293986381352625,-0.21365498558444795,1.0
-0.1860297304939812,-0.36359862981659297,-1.0
-0.906018060159131,0.10410858198457384,1.0
-0.5496290637418149,-0.7000808884930153,-1.0
0.2487142725876299,0.06895801635642118,-1.0
-0.47483661633293983,-0.14182294684283603,-1.0
-0.7560103566209164,0.9198556164127605,1.0
-0.8003262178416403,0.4625347161331479,1.0
-0.624417047360056,0.019710537754364155,1.0
-0.862890294271001,-0.9898688159722566,-1.0
0.8218600592903562,-0.27523322847123854,1.0
-0.5239818706312335,-0.44135760354957465,-1.0
0.9414648087765252,-0.7113062632293001,1.0
-0.3688613740027371,0.45221794088980716,1.0
-0.9023278859936161,0.24247050363472966,1.0
0.29166257870930323,0.7259799099852955,-1.0
0.04010919141248248,0.43401936617387527,-1.0
-0.961573651037675,-0.17757762633172158,-1.0
0.07118864846022899,-0.9688168649387153,1.0
0.9632225394406113,-0.7127610083459183,1.0
0.5444890979608495,0.46393137681233276,-1.0
-0.09823800786457648,-0.14243766233871624,-1.0
0.35062693120918076,0.24667886452162302,-1.0
-0.9349484070147205,0.5116774421156661,1.0
-0.11992091243854175,-0.24603809640321606,-1.0
-0.6845931042519873,-0.7246188257445815,-1.0
-0.6609702089512993,0.01811018382084051,1.0
-0.8943353157382561,-0.6029849587628083,-1.0
-0.5401995762306798,-0.29774123396833574,-1.0
-0.5030365170941697,-0.5566199856208123,-1.0
0.8137950197069487,-0.07224771680478703,1.0
-0.9924371250218579,-0.8478957167777271,-1.0
-0.9763614139536636,-0.7207239115455896,-1.0
-0.5385225353752658,-0.08336476415879268,-1.0
-0.5129380811810641,-0.6686529928969492,-1.0
0.16704190790094986,0.26170568373590597,-1.0
0.25824438829895835,-0.4587334213238897,1.0
-0.6322168672807468,0.15167487973275118,1.0
0.6181557343181191,0.6888853020500907,-1.0
-0.9279156640013266,-0.9745522400942491,-1.0
-0.3664702892391053,0.24848913981446574,1.0
0.5072348086883924,0.5601681834618419,-1.0
0.8709691237460856,0.2024805601652374,-1.0
-0.766287918089567,-0.7077817695381022,-1.0
0.7622851347766157,0.4512393441809881,-1.0
0.6682127985550163,0.7928544190338394,-1.0
-0.9817674173236384,-0.10601028999212958,-1.0
-0.9287432722347414,-0.35417761371351575,-1.0
-0.8551051279087769,0.6277080530714179,1.0
-0.39290596391121924,-0.305849426490169,-1.0
-0.773343597773012,-0.5774515716880554,-1.0
0.72571950838836,-0.8461040936601449,1.0
-0.8387787127459956,0.5956387406078443,1.0
-0.026989445247554422,0.34634599436596125,1.0
-0.8635602474432669,-0.06169518155151732,-1.0
0.6178472402012138,0.484696287130047,-1.0
-0.49142930883529723,0.13441467693897424,1.0
0.7896181427945539,-0.7026509926274492,1.0
0.75237452943768,-0.9660540214142012,1.0
0.4197273169261223,0.6439042535411307,-1.0
0.07586332810866392,-0.31211427769918665,1.0
-0.3994056666393827,-0.22612034426984362,-1.0
-0.07296545520369335,-0.11758363159266128,-1.0
0.7798509888933498,0.505852692951829,-1.0
-0.4606577580843493,0.7308674752036443,1.0
-0.10517264957235117,0.74543947418433,1.0
-0.7604381093330276,0.9398321236134751,1.0
0.8264574661077416,-0.2677751135904388,1.0
-0.93334795943931,-0.2944141373561754,-1.0
-0.3364982308919442,0.9255685129067763,1.0
-0.8692896232598005,-0.8855123619340949,-1.0
0.06420893707513409,0.8419985528900615,-1.0
-0.974188093050513,-0.7809311908981422,-1.0
-0.4230961153736409,0.14085702037979986,1.0
-0.3988849882567912,0.5034172708548569,1.0
-0.2717836513881404,0.7885972112245307,1.0
-0.6953862308266293,0.5326172664550232,1.0
0.4242220092469763,-0.060932301487103824,1.0
0.4815223515125501,0.8159469389686173,-1.0
-0.6830779948437223,0.8980542894407137,1.0
0.6374299014982066,-0.4169584390303078,1.0
0.6194903460096145,0.5775933658811575,-1.0
-0.2179719123296141,-0.40102149182278946,-1.0
0.8178342161750216,0.027167421225559818,-1.0
0.7836530127411431,-0.018813821972576528,1.0
0.9436159201675989,0.774633780637788,-1.0
-0.5838460018202385,-0.05827428838107496,-1.0
-0.24383667110475393,-0.2568068012683966,-1.0
-0.5186558483646764,-0.33142735327708595,-1.0
-0.859915984763476,0.52439026932758,1.0
0.42618130223597295,0.6603027197013381,-1.0
-0.7841789725031568,0.8963358185211198,1.0
-0.28240223434182377,-0.33501509652400474,-1.0
0.6318372121697993,-0.29442482748431154,1.0
-0.0917341140333463,0.11689804070836407,1.0
-0.5164543532800753,-0.17836310228952834,-1.0
0.04315991195057611,-0.9579068103636381,1.0
-0.1808111405732098,-0.28798597966921924,-1.0
-0.5956812318957079,-0.23393522346469742,-1.0
0.3592333693997657,0.8727302504846018,-1.0
0.8686231679556108,0.3721670238375133,-1.0
-0.4815919780547959,-0.31159498150786313,-1.0
-0.2306951063586602,-0.9198199859180965,-1.0
0.5201635011119934,-0.2916370232849652,1.0
0.18552551570312115,0.22461561184385193,-1.0
-0.8781139066630524,-0.10974194698219786,-1.0
-0.19697410216733657,-0.11807224169535602,-1.0
0.9504114840765587,-0.008831373863023462,1.0
0.9338750175279049,0.6637896861755891,-1.0
0.08011484638467514,0.3056042154902149,-1.0
-0.6539002734622145,-0.745608419158153,-1.0
-0.4973209767711385,0.5435528611139886,1.0
-0.39043566602010316,0.3838912213732114,1.0
-0.2130966137447049,-0.3270333776055676,-1.0
-0.21947448475613818,-0.6476250533903456,-1.0
0.6158500980522165,-0.9890041713415195,1.0
0.5052523724478571,-0.12705416412359172,1.0
-0.38966621668908163,-0.987392480024241,-1.0
-0.7719202280510675,-0.8993625214764667,-1.0
-0.3078386583058681,-0.1762096157787053,-1.0
0.5819714019143988,0.7284906771616132,-1.0
0.5833687650971596,-0.5822332178326662,1.0
-0.18277779979878417,0.5833917947661205,1.0
0.2736266662816659,0.17410933533408435,-1.0
-0.6991216901832303,0.5027203900924792,1.0
0.5786754085723934,0.22061195271121126,-1.0
-0.6090940040944853,-0.7873556236289039,-1.0
-0.1028897400474229,0.5651331835892089,1.0
0.0057586604981215705,0.9092202058615602,-1.0
-0.20420733056389895,0.22197216193294944,1.0
-0.6398093585887371,0.3971835296184548,1.0
-0.39374706224902256,-0.5179589418879175,-1.0
0.10312386883593261,-0.8148670711613804,1.0
-0.6819965250281361,0.0664962673667775,1.0
-0.8383712859053862,0.5762883601668132,1.0
0.029973589872677953,0.3495063720868188,-1.0
-0.5718158516826857,0.08534966807864386,1.0
-0.585870247471073,-0.5810522098125246,-1.0
0.7350710438038858,-0.27181124379639665,1.0
0.03038705969683686,0.8499753714806619,-1.0
-0.15077658950582207,0.3351972416459009,1.0
0.7765968527917417,0.432076882944196,-1.0
-0.049285693590083834,0.2785903390319586,1.0
-0.07030234765742693,0.47157618855015837,1.0
0.6364302495436367,0.3553845686857394,-1.0
-0.3983881798536688,-0.8262384068642562,-1.0
-0.8264754850134913,-0.3658959686236687,-1.0
0.9866395785011755,-0.20927683516103646,1.0
0.4552201490818012,0.5450269188969383,-1.0
-0.28367661193731775,-0.8455402527766762,-1.0
0.17329432007084578,-0.051546693037843316,1.0
0.9208478478156868,0.8869249002092695,-1.0
0.8148251137465122,0.14888805033244468,-1.0
-0.2631262550558179,-0.8251185628240406,-1.0
0.27421520234867003,0.9684887775943838,-1.0
0.2131047040250833,0.5824226582072465,-1.0
-0.21498345616294312,-0.15439563701009318,-1.0
-0.35917368530979377,-0.9129072332042285,-1.0
0.8288833658826095,0.6569551562671395,-1.0
0.6262203216314154,0.24069271183250496,-1.0
-0.4670422134486647,-0.9819934443995455,-1.0
0.13401522845064073,-0.8413948947069263,1.0
0.702464970544104,0.8733229158608077,-1.0
0.9265876251614944,-0.8930193611730416,1.0
0.8383287047111379,-0.3447580193609783,1.0
-0.5527974594951643,-0.5654040391412882,-1.0
0.9540510272587224,-0.17531903407485083,1.0
0.9876495637360578,0.32819275360931155,-1.0
-0.3497989076018466,-0.6547768571983079,-1.0
0.5843143119231002,-0.05526797770858971,1.0
-0.5062044036356093,0.6106200424416326,1.0
-0.5347943877162818,-0.29631402253920425,-1.0
0.014544665667881929,-0.25649174370839223,1.0
0.8682725054083805,0.7848969771114676,-1.0
0.657845304603036,0.45923987759695806,-1.0
0.3732517916293401,0.9644766539008116,-1.0
-0.007516497841624781,-0.9210308378091714,-1.0
-0.8985284571339679,0.9343670147690148,1.0
0.37201808579278317,-0.7278548627700373,1.0
0.3370031764312863,0.7513750860290457,-1.0
0.5670162609866678,0.756751505688635,-1.0
0.42899402737501835,-0.8631813690810386,1.0
0.7158249646820886,0.18447625313363936,-1.0
-0.45047046410498304,-0.6611393506612484,-1.0
-0.9033235503532804,-0.7027621922913828,-1.0
0.770921844644052,0.4394049896944522,-1.0
0.16362382119166918,0.265046428325004,-1.0
-0.6465786206972819,-0.3488524151183259,-1.0
0.33689579177110685,0.09299063982313216,-1.0
0.00977084741918366,0.761121537043158,-1.0
-0.9745808732559048,0.1543627152742023,1.0
0.6638045276218051,0.271949726128631,-1.0
0.3892016787341631,-0.30772343548214753,1.0
0.30952761628632774,-0.1162141150365743,1.0
-0.12202567955493049,-0.6154886723551874,-1.0
-0.44619775928762373,-0.4825536482449587,-1.0
-0.4608387233247455,-0.5725103120793849,-1.0
0.5929508514349274,0.8419335667918086,-1.0
-0.35796835384571224,0.7072386343133986,1.0
-0.05709029608748084,0.3588304841235025,1.0
-0.6968716440546714,-0.0903731805634076,-1.0
-0.8779617651552212,0.02007119777772637,1.0
-0.3381608101506214,-0.71847880158507,-1.0
-0.20518869645835158,0.22460482293998196,1.0
0.8144684825889358,-0.5036337527987637,1.0
-0.7134587478717156,0.09944139275934516,1.0
0.6725184560770384,-0.08451170241195816,1.0
0.4126176769114265,-0.30530352914557324,1.0
0.18188008439914483,-0.6541169430470433,1.0
-0.07724280948660567,-0.028467309098949345,-1.0
0.032526179491251916,0.19747048985993731,-1.0
0.5941307153521351,-0.11125192013102281,1.0
-0.7190654903126192,0.10178247262040374,1.0
-0.8181750327928994,0.8735786241067772,1.0
-0.007841985176687327,-0.392910421281246,-1.0
0.2773811829811327,-0.3922632051211409,1.0
0.28185477477339993,-0.4031571510831108,1.0
-0.44479918840053767,0.4008514167636399,1.0
0.6315602200925206,0.383832951933044,-1.0
-0.6746003018407323,0.5912754357449292,1.0
0.07349674733001266,0.15890816766935356,-1.0
-0.9190807169487478,-0.2564060838234402,-1.0
0.7978136488586345,0.9849896561408751,-1.0
0.7036578593800237,-0.085701193439501,1.0
0.0603520839905638,0.41262184084862374,-1.0
-0.47775673994519563,0.20498429541582097,1.0
-0.005860638778832472,-0.17060533514115306,-1.0
0.49262510429085915,-0.6492881845482898,1.0
0.9366056922949615,0.41109560260070654,-1.0
-0.7064081557355066,0.9461154621336327,1.0
-0.4216130829935909,-0.5529444561935746,-1.0
-0.9158600350049512,0.15253904291426135,1.0
-0.3676941694064205,0.31172206779554823,1.0
0.498195716453139,0.06485359448296835,-1.0
0.9025529066795667,-0.45809905262164186,1.0
0.05197128365147241,0.7609907600280938,-1.0
-0.3847805617689891,-0.9488646185578993,-1.0
0.5899176868546331,-0.1820329758809378,1.0
-0.9398576573992148,-0.45930152335508967,-1.0
-0.30999510917933426,-0.5312320345354942,-1.0
-0.5604883113670899,-0.06824628056718363,-1.0
-0.9908029483833704,0.7364442356247228,1.0
-0.03436796692544064,0.10717201133977605,1.0
0.8707499012725114,0.9406792451153405,-1.0
0.949799913291924,-0.30397938194620777,1.0
-0.36279852319171957,-0.5690147794867038,-1.0
-0.286755212777005,0.4254364386164168,1.0
0.46349404380057235,0.6345824175503038,-1.0
0.350587558806597,-0.8392401039516918,1.0
0.4453052550026655,0.25929675886577375,-1.0
-0.046071422997412625,0.6635373720167106,1.0
-0.7876608893217238,0.08175903194887191,1.0
0.695974206093698,-0.5638734708646833,1.0
0.7582631959290226,0.9565013982994801,-1.0
0.17743954377972282,-0.5651726613962538,1.0
-0.6792199350282642,0.7624586857406905,1.0
0.9699120461072704,0.8506160578411378,-1.0
-0.38814710527762053,0.18452101935637732,1.0
0.13124487768238757,0.12150137630091806,-1.0
-0.024126245089946208,-0.2760269445339062,-1.0
0.5155960285792502,0.5653302545716099,-1.0
0.13637147558676976,-0.6648811457408581,1.0
-0.5405532315940134,-0.34770835140806033,-1.0
0.08786649914483335,0.009331619827093296,-1.0
-0.5889715301932953,-0.6520585884178334,-1.0
-0.7581477090995483,0.9472833396118153,1.0
-0.9042854444798383,-0.16295887475705995,-1.0
0.7064757264869012,0.7837917844853972,-1.0
0.6134151959357899,-0.18416687500938222,1.0
-0.359027922654668,-0.5275066449934864,-1.0
0.5277011090862999,-0.012277610263968453,1.0
0.6895267510315611,0.4622955610006072,-1.0
0.3710387629846027,0.14745252670628395,-1.0
-0.1488633284831431,0.20990559309558576,1.0
-0.8605061393479582,0.2093493233367103,1.0
0.11881791626807192,-0.3724945367816299,1.0
-0.20170482103322485,0.7159722288473975,1.0
-0.7879551600917734,-0.7601258872440553,-1.0
0.8034809303848486,-0.5045086837938015,1.0
0.4746308757498139,0.7593982624179637,-1.0
0.43385164923797304,-0.17025819629279837,1.0
0.23754332492387764,0.026196708532064794,-1.0
-0.582588996851221,0.16426579793099294,1.0
0.7384492092513265,0.5193858595039373,-1.0
-0.8989541889893533,-0.6906272821372179,-1.0
-0.3624425286447869,0.2799790936602842,1.0
0.3559726786512616,-0.8606439259271759,1.0
0.28571208628186073,-0.7612228542316977,1.0
-0.10390870007650677,0.18123306616566015,1.0
-0.9108755678839834,-0.14430390616246058,-1.0
-0.9318276906145064,-0.9923359673507747,-1.0
-0.6937463792133883,-0.7423927796662781,-1.0
0.3938644056541585,0.062273105881885615,-1.0
-0.4905778718502103,-0.17880171744977347,-1.0
