2.7815,-4.9984,1.0
-5.6119,3.9024,1.0
-5.7757,3.6152,1.0
-4.2224,1.9977,1.0
1.5704,1.2857,-1.0
-0.8205,-4.5213,-1.0
-0.7987,-0.9497,-1.0
-5.8663,4.4862,1.0
5.8312,-5.2163,1.0
0.9781,-3.2655,1.0
0.7487,-3.5122,1.0
0.6942,0.5932,-1.0
2.5674,4.9192,-1.0
-1.9895,-3.7468,-1.0
3.9837,-2.3879,1.0
-3.0152,3.578,1.0
-2.6585,1.7353,1.0
2.9173,1.6026,-1.0
-1.0206,3.2911,1.0
4.2206,5.685,-1.0
-4.1776,-5.9153,-1.0
5.4564,-3.1526,1.0
-2.7349,-1.6694,-1.0
-5.6085,3.987,1.0
-5.7445,2.9872,1.0
4.8169,1.5771,-1.0
1.1035,0.9227,-1.0
-2.7457,-5.9169,-1.0
-5.9208,0.9458,1.0
3.0937,-0.7446,1.0
-1.7527,2.5532,1.0
-2.7504,1.7742,1.0
3.8766,4.2544,-1.0
-1.4834,-2.2992,-1.0
2.1127,-5.5469,1.0
1.8567,2.775,-1.0
-0.7482,4.1038,1.0
2.0228,-5.3284,1.0
-5.3501,5.7965,1.0
-4.7543,1.6822,1.0
1.0894,-5.2319,1.0
0.785,-3.3645,1.0
-2.0728,-4.6384,-1.0
-3.985,2.6899,1.0
-4.2985,-3.4758,-1.0
-5.6422,1.2747,1.0
2.6573,-2.063,1.0
-5.4066,0.9703,1.0
5.93,-5.551,1.0
3.2305,1.5831,-1.0
-2.0839,-2.0712,-1.0
5.6737,2.8805,-1.0
4.902,1.6984,-1.0
-4.1256,0.7516,1.0
-3.5412,-1.2409,-1.0
-2.3194,-4.5231,-1.0
-2.3772,4.3361,1.0
3.3269,-0.6573,1.0
2.9665,-4.7858,1.0
4.8968,-5.3844,1.0
-5.7158,0.8181,1.0
-0.5721,5.7036,1.0
-3.1589,-1.3811,-1.0
1.2045,5.8133,-1.0
1.8849,-2.7304,1.0
-4.2107,0.8614,1.0
3.4294,-4.3064,1.0
3.9356,5.1349,-1.0
4.8373,-1.0499,1.0
2.6882,-1.8074,1.0
-4.8793,-1.7588,-1.0
2.0037,-1.6567,1.0
-1.1947,-3.6482,-1.0
4.1401,0.7145,-1.0
-5.915,5.3729,1.0
3.8712,4.0428,-1.0
-1.8532,-2.9813,-1.0
5.1239,1.5957,-1.0
-1.0911,-2.7053,-1.0
-4.3504,-2.5224,-1.0
-1.8233,-0.6248,-1.0
2.5237,1.9607,-1.0
-2.9934,-4.4047,-1.0
5.6962,-2.4232,1.0
-2.9275,-5.4203,-1.0
-2.1726,-3.7089,-1.0
-2.5741,4.7877,1.0
0.6844,-1.4756,1.0
-3.8082,1.9687,1.0
4.971,-2.9455,1.0
1.3804,2.3554,-1.0
4.7294,-0.6386,1.0
-3.262,-0.8257,-1.0
5.8343,-1.2693,1.0
0.7162,-4.8679,1.0
-2.3701,3.2252,1.0
4.9543,-3.0652,1.0
-4.9833,3.7746,1.0
2.9674,0.5074,-1.0
3.5678,0.6703,-1.0
-4.7464,2.8387,1.0
3.2838,5.7583,-1.0
-5.4619,3.7582,1.0
5.5995,5.7862,-1.0
1.6882,2.9153,-1.0
-4.5104,1.3464,1.0
-0.7135,5.0767,1.0
-2.4619,1.2088,1.0
2.0322,-5.0781,1.0
2.8631,1.4116,-1.0
-0.9506,-1.4194,-1.0
5.4254,-1.7628,1.0
5.3741,4.0555,-1.0
-1.28,-5.7667,-1.0
1.6713,-4.8414,1.0
3.2404,5.7952,-1.0
-0.6834,0.6342,1.0
-5.5766,2.5883,1.0
-2.3831,4.3358,1.0
-1.058,4.5272,1.0
5.0434,1.5704,-1.0
-4.5691,-1.3358,-1.0
-3.2417,2.8528,1.0
4.6032,-4.293,1.0
-3.4079,-1.289,-1.0
-3.2328,4.396,1.0
-1.5485,2.1297,1.0
1.5576,-2.6057,1.0
-1.7368,4.6248,1.0
-1.758,4.4378,1.0
5.187,-2.8173,1.0
-4.9215,-4.6079,-1.0
-1.7437,-4.3649,-1.0
2.5257,2.5446,-1.0
5.3047,-3.0786,1.0
-2.5156,1.8494,1.0
-5.3947,4.8992,1.0
-0.9908,-5.7149,-1.0
4.3843,-0.6749,1.0
5.6533,1.2656,-1.0
-1.2692,-2.8258,-1.0
-3.882,3.4092,1.0
-1.5444,1.7848,1.0
-4.5813,4.505,1.0
-1.5879,1.5006,1.0
3.9516,-5.9463,1.0
-4.6152,3.548,1.0
-2.3426,-1.2555,-1.0
3.3987,2.1204,-1.0
0.8101,-2.3771,1.0
5.7919,-5.9361,1.0
5.6124,-5.9584,1.0
4.5563,0.7988,-1.0
-3.1603,2.6793,1.0
3.6344,-3.6694,1.0
-5.7689,-2.5632,-1.0
-3.0262,-3.6198,-1.0
4.0248,-5.5958,1.0
-4.2568,-5.5843,-1.0
-4.813,1.5254,1.0
-3.1804,-0.6636,-1.0
2.5227,4.6439,-1.0
0.8793,3.9229,-1.0
1.4035,-4.2878,1.0
3.345,4.7973,-1.0
-4.3208,-3.5929,-1.0
3.8344,3.738,-1.0
-5.3344,-3.132,-1.0
4.3724,-0.982,1.0
0.8426,2.0332,-1.0
-2.5408,3.9794,1.0
5.6556,2.1242,-1.0
-5.0259,2.2341,1.0
-1.6115,-3.6612,-1.0
3.5712,-3.3516,1.0
-3.7508,1.0032,1.0
2.6111,2.9622,-1.0
-1.8318,3.2273,1.0
1.9007,2.468,-1.0
5.3216,-3.3233,1.0
1.2635,-4.7017,1.0
-2.4941,5.6026,1.0
0.9433,1.8309,-1.0
-2.2734,4.1502,1.0
4.4955,3.2108,-1.0
-0.5547,5.9125,1.0
5.7224,-1.2109,1.0
-4.5767,1.3176,1.0
1.7298,-2.6999,1.0
-5.4655,3.9513,1.0
3.8997,-1.9151,1.0
4.5349,4.7136,-1.0
-5.1039,4.2408,1.0
-1.8702,4.6231,1.0
3.3653,4.6905,-1.0
3.9524,-1.4945,1.0
5.256,-3.2599,1.0
2.3605,4.6857,-1.0
-1.207,2.8987,1.0
2.6584,-5.0037,1.0
2.6962,2.6203,-1.0
5.6183,0.717,-1.0
-5.041,1.9425,1.0
-5.0474,4.2291,1.0
-2.6159,-1.3337,-1.0
3.6539,-1.6285,1.0
-5.6554,-2.4766,-1.0
-4.0284,0.649,1.0
4.8374,3.9233,-1.0
-0.7721,-2.7128,-1.0
5.5541,4.7216,-1.0
-2.2238,-3.0066,-1.0
5.5648,-0.8487,1.0
1.8208,-4.2115,1.0
-1.121,5.7263,1.0
-4.9913,3.3536,1.0
3.7087,-2.1767,1.0
3.5836,0.8181,-1.0
-3.1876,5.9325,1.0
-2.281,-0.791,-1.0
3.8103,4.3712,-1.0
5.6609,-5.6685,1.0
1.3051,2.626,-1.0
-0.6808,-1.5077,-1.0
0.9413,-1.1682,1.0
-2.0245,-4.0358,-1.0
1.5347,-2.2079,1.0
2.8741,-5.8329,1.0
-1.7107,2.953,1.0
2.5035,-1.5688,1.0
-3.6488,-3.8374,-1.0
4.0245,5.1968,-1.0
-1.9805,-1.9913,-1.0
-5.0823,-0.9742,-1.0
-1.2893,5.1036,1.0
4.0328,1.8563,-1.0
-2.1679,2.3803,1.0
4.5186,2.6339,-1.0
4.0046,2.9714,-1.0
1.9261,0.7414,-1.0
2.4234,0.5007,-1.0
4.6862,2.585,-1.0
1.7854,5.9342,-1.0
3.0386,0.6063,-1.0
-0.8275,3.4672,1.0
3.9002,-4.8279,1.0
-5.5133,0.701,1.0
-1.515,2.748,1.0
2.8169,5.3958,-1.0
5.5752,3.1587,-1.0
2.1105,2.6321,-1.0
3.6596,-3.3277,1.0
-3.9078,-1.2072,-1.0
-0.9987,5.7859,1.0
-5.8271,1.6434,1.0
-1.6635,-2.0485,-1.0
5.6321,2.0978,-1.0
-2.4997,0.6459,1.0
5.4236,-3.1642,1.0
-1.8445,2.38,1.0
4.2889,1.9718,-1.0
-5.6575,-1.2328,-1.0
1.4399,-3.0053,1.0
-3.4484,-5.3482,-1.0
1.6222,3.0525,-1.0
3.2094,-0.6682,1.0
2.7047,-3.7762,1.0
-3.0717,-2.892,-1.0
-5.9618,3.9841,1.0
3.5224,-2.4881,1.0
-1.2834,-4.4095,-1.0
-5.5409,-3.6755,-1.0
-2.2138,-1.6589,-1.0
-4.0977,-3.219,-1.0
4.3399,-5.8263,1.0
-5.9356,-3.5584,-1.0
5.8345,-1.2052,1.0
-1.0923,-3.6239,-1.0
-5.8998,5.8965,1.0
5.9569,3.9136,-1.0
4.1944,-2.0006,1.0
4.0761,5.412,-1.0
4.3266,-2.1364,1.0
-3.8298,-5.9244,-1.0
5.7253,-3.5174,1.0
4.9145,5.1401,-1.0
0.8965,3.2318,-1.0
-3.2355,3.7795,1.0
-2.5122,-2.0012,-1.0
1.1439,-3.7487,1.0
-3.0532,2.6411,1.0
-2.8232,-3.035,-1.0
-2.1664,1.8133,1.0
4.7606,3.3112,-1.0
4.9326,4.4718,-1.0
3.2919,-4.75,1.0
-5.4838,-4.8707,-1.0
-3.4742,-2.8011,-1.0
-1.0477,1.9968,1.0
3.3617,-0.5679,1.0
-4.0379,2.9242,1.0
1.2012,-1.9472,1.0
4.5555,1.7781,-1.0
4.7605,5.5047,-1.0
3.4541,-2.6018,1.0
-4.9868,-1.9886,-1.0
2.6834,3.1889,-1.0
5.9678,2.6131,-1.0
1.8884,-1.2264,1.0
-2.427,5.5352,1.0
-3.5447,-1.5223,-1.0
-3.4392,3.8738,1.0
-1.4784,-1.5402,-1.0
2.143,3.5062,-1.0
1.3355,-3.5042,1.0
4.5304,5.3962,-1.0
-5.1634,-2.3532,-1.0
-1.1739,5.6262,1.0
-1.1719,-3.693,-1.0
3.4292,-3.1451,1.0
-2.6791,-0.8701,-1.0
0.7018,-2.4848,1.0
1.8333,-5.5974,1.0
5.9448,-3.8065,1.0
0.9275,-5.4249,1.0
2.3398,3.2533,-1.0
3.0061,-3.8169,1.0
-1.4692,-1.97,-1.0
2.2729,-2.8091,1.0
4.8851,-4.8079,1.0
-2.3204,-3.2172,-1.0
5.1248,4.063,-1.0
-3.8222,-5.7934,-1.0
-2.4252,4.2381,1.0
-1.3216,-3.8415,-1.0
1.2541,0.8631,-1.0
3.863,-5.4274,1.0
-4.4558,2.3693,1.0
1.4536,-2.8814,1.0
-3.0993,-3.0053,-1.0
-5.6095,-0.9358,-1.0
-3.1434,-0.7945,-1.0
1.6136,4.9394,-1.0
-5.9722,1.8732,1.0
2.8871,3.9978,-1.0
-5.2192,-1.9906,-1.0
4.7743,-1.619,1.0
-5.7512,3.6066,1.0
2.4434,-4.8992,1.0
-4.5043,-3.132,-1.0
-5.7188,-1.3883,-1.0
-4.8889,-5.9919,-1.0
-1.3125,-5.4424,-1.0
3.2414,-2.2421,1.0
3.4701,2.997,-1.0
-2.3877,-3.7482,-1.0
5.3824,-4.4918,1.0
4.5123,5.9715,-1.0
-1.4757,3.8426,1.0
3.5355,-3.5876,1.0
-4.5891,-3.6421,-1.0
1.0558,2.4729,-1.0
3.5882,3.106,-1.0
-3.2912,1.1631,1.0
3.041,-3.6449,1.0
-2.0072,5.5452,1.0
-3.1217,-2.3994,-1.0
-3.0256,-2.6915,-1.0
-2.5719,4.1954,1.0
-4.7951,-0.6265,-1.0
0.75,-5.5167,1.0
-4.9105,-3.3551,-1.0
-5.1133,1.9744,1.0
-1.8815,-1.5611,-1.0
1.2444,1.9275,-1.0
-0.6149,-2.1436,-1.0
-3.4907,-1.9142,-1.0
-4.0321,-3.2011,-1.0
-5.8506,-4.1764,-1.0
-1.1494,-1.8516,-1.0
-3.5857,4.9871,1.0
2.2981,0.5965,-1.0
3.0,-2.9219,1.0
1.4736,-5.7983,1.0
-5.3725,-0.5371,-1.0
3.02,5.8966,-1.0
1.5261,-1.2109,1.0
1.0562,-5.8288,1.0
-2.6941,-4.0542,-1.0
1.0455,3.4202,-1.0
2.3081,-4.5803,1.0
1.0016,-3.6222,1.0
-5.3703,-4.8984,-1.0
4.1264,3.7223,-1.0
0.8657,-4.0661,1.0
-2.9191,-4.7423,-1.0
1.6514,-3.2102,1.0
5.5985,1.3478,-1.0
5.3222,-5.4746,1.0
2.1804,3.9443,-1.0
-2.6355,2.7465,1.0
-5.0678,5.9886,1.0
-2.3689,5.2417,1.0
2.7545,0.5431,-1.0
5.5101,-2.0725,1.0
-3.7023,-5.0011,-1.0
1.266,-4.7456,1.0
1.3253,2.7158,-1.0
3.0503,-1.5968,1.0
-0.9993,-5.6086,-1.0
2.0725,1.6489,-1.0
4.8537,-0.7703,1.0
-1.9872,4.0901,1.0
-2.4196,-5.8019,-1.0
-0.5395,-4.904,-1.0
-3.8764,4.9988,1.0
-1.9258,4.5567,1.0
-3.0155,1.4187,1.0
-3.6296,-4.6252,-1.0
-0.8287,5.2951,1.0
-2.7116,1.6283,1.0
0.5288,5.8681,-1.0
-4.6416,-1.0066,-1.0
2.8787,4.7049,-1.0
4.1716,-3.6301,1.0
3.0439,-5.9728,1.0
1.5186,2.0189,-1.0
-2.8743,2.1354,1.0
-1.5553,2.7518,1.0
2.3012,-3.5594,1.0
-5.0382,-1.6759,-1.0
-2.4515,0.6715,1.0
5.2634,-1.5049,1.0
0.7248,-2.1127,1.0
5.4849,-5.3115,1.0
-3.3342,-4.6778,-1.0
-3.6243,0.8012,1.0
3.2193,-0.8101,1.0
1.2245,4.5623,-1.0
-5.8023,3.0707,1.0
2.43,-0.5881,1.0
1.3259,5.0239,-1.0
-3.182,-2.2819,-1.0
-4.8732,-1.0909,-1.0
-5.0621,2.9884,1.0
4.9341,-3.5129,1.0
-2.982,1.7167,1.0
0.9474,-4.9796,1.0
-4.0488,-3.0392,-1.0
5.2375,2.534,-1.0
-2.083,4.3807,1.0
-3.3178,-4.279,-1.0
5.9102,4.2825,-1.0
4.8671,-4.8338,1.0
-2.9511,0.9784,1.0
1.0598,-0.5032,1.0
-4.343,-0.8055,-1.0
-3.0869,1.8552,1.0
-4.1564,-1.4487,-1.0
-3.3959,2.413,1.0
-1.0104,-1.6,-1.0
-3.2353,5.4501,1.0
-5.9697,-4.963,-1.0
-3.8651,5.042,1.0
-5.6504,1.0726,1.0
3.434,-3.7393,1.0
3.377,-3.2561,1.0
-2.9931,3.2621,1.0
-5.2261,-4.7327,-1.0
-4.6687,2.6073,1.0
3.8826,2.886,-1.0
-1.0146,-2.3337,-1.0
-3.9586,-4.0371,-1.0
0.6331,0.9193,-1.0
0.8178,0.6051,-1.0
-4.477,-4.3269,-1.0
-1.4767,-5.3926,-1.0
4.6154,-0.8637,1.0
-5.2436,3.7826,1.0
-4.6866,-3.2635,-1.0
-2.1069,-4.6195,-1.0
-2.5093,-1.5632,-1.0
5.2603,-3.6043,1.0
4.654,2.1628,-1.0
3.3018,1.6589,-1.0
-2.9991,4.5893,1.0
4.8681,2.689,-1.0
2.9284,-3.8132,1.0
-5.0882,-4.9462,-1.0
-5.521,-2.021,-1.0
-2.507,4.8858,1.0
5.7694,1.1611,-1.0
-5.7594,-3.299,-1.0
5.9815,-4.7435,1.0
4.6813,-1.5286,1.0
5.1306,1.6505,-1.0
-4.464,-1.3855,-1.0
2.7572,-4.2013,1.0
-4.2578,-5.6995,-1.0
3.776,-2.0503,1.0
-3.9641,3.9424,1.0
4.052,3.0173,-1.0
3.485,-3.85,1.0
4.7312,5.1526,-1.0
5.1828,1.6072,-1.0
-2.0436,-2.0987,-1.0
-5.8606,1.731,1.0
4.3553,-3.9731,1.0
-2.1376,-5.4973,-1.0
0.9497,-5.686,1.0
-1.6265,4.3281,1.0
5.8659,5.324,-1.0
1.2865,-1.0825,1.0
-5.4457,3.8931,1.0
-5.0443,-2.1653,-1.0
-5.3759,4.74,1.0
-5.8151,-4.6396,-1.0
2.978,-5.6029,1.0
5.9718,5.5951,-1.0
-2.1355,-0.6924,-1.0
-1.765,1.7127,1.0
-5.7489,-2.7683,-1.0
4.0707,-1.6134,1.0
-5.2157,-4.2029,-1.0
5.4965,-5.2496,1.0
-5.872,1.0884,1.0
-3.8852,-2.645,-1.0
-1.5009,1.9777,1.0
3.0586,1.3801,-1.0
2.9061,-1.0003,1.0
-2.4667,4.6399,1.0
-2.3229,-3.9735,-1.0
-5.1156,3.1918,1.0
-0.7065,2.0073,1.0
-3.3488,-2.7939,-1.0
4.3259,5.4421,-1.0
1.5861,3.2522,-1.0
-5.65,-3.675,-1.0
5.3404,4.2855,-1.0
1.2043,-0.666,1.0
0.6152,4.575,-1.0
3.5224,2.7417,-1.0
-5.8868,5.9166,1.0
3.4313,3.1707,-1.0
-3.9343,2.7967,1.0
-5.7946,4.0731,1.0
1.5149,-4.2611,1.0
4.7065,2.5643,-1.0
-3.1909,1.9184,1.0
-4.4604,4.9523,1.0
4.3981,2.3835,-1.0
1.3089,-3.5508,1.0
-4.3239,-4.1627,-1.0
-3.94,-4.3071,-1.0
1.4478,-4.6321,1.0
2.1576,-5.4122,1.0
-4.0094,-2.3345,-1.0
-4.693,1.4146,1.0
-5.9443,-3.5011,-1.0
2.5705,-3.1048,1.0
0.822,2.5112,-1.0
-4.0793,1.0037,1.0
-1.5802,-4.2109,-1.0
0.8199,3.9463,-1.0
2.2562,-3.656,1.0
-3.125,2.1123,1.0
-1.1036,-5.0797,-1.0
4.9939,-1.5019,1.0
-2.3033,3.354,1.0
4.6381,-4.4971,1.0
-4.3858,-3.6129,-1.0
3.5462,-0.5734,1.0
-5.6346,-5.648,-1.0
4.874,-4.3099,1.0
2.1365,1.1133,-1.0
4.6436,-5.8211,1.0
4.0341,3.0849,-1.0
-0.848,3.23,1.0
-0.5522,0.8704,1.0
3.2066,-4.0242,1.0
-1.2934,-1.9606,-1.0
1.4968,-0.8606,1.0
-3.2818,-3.969,-1.0
4.3167,-4.7243,1.0
-2.0937,-4.3689,-1.0
2.4188,-4.9232,1.0
0.8666,1.8306,-1.0
-3.5182,-4.8743,-1.0
3.4976,4.228,-1.0
5.1312,3.4794,-1.0
5.9587,3.4777,-1.0
-5.3012,1.7687,1.0
1.0812,1.101,-1.0
4.2413,3.3609,-1.0
-1.1203,1.0469,1.0
-3.2765,4.1495,1.0
-4.7784,5.0921,1.0
1.8873,2.7908,-1.0
1.0395,0.7762,-1.0
-1.4274,-4.0941,-1.0
-5.6099,-0.804,-1.0
4.828,1.7432,-1.0
-5.5034,2.0878,1.0
-5.8322,5.685,1.0
-1.1918,-4.6689,-1.0
2.068,-1.6969,1.0
-3.9396,5.1782,1.0
4.8101,-5.0046,1.0
-4.6827,-3.1471,-1.0
-0.8754,-4.5771,-1.0
4.4724,-2.4692,1.0
5.0515,4.122,-1.0
5.1558,0.788,-1.0
-4.0863,-1.2607,-1.0
0.8097,-5.6469,1.0
-4.2456,3.4699,1.0
-5.3616,1.711,1.0
-5.3235,-0.9009,-1.0
-1.1999,-5.6241,-1.0
3.6453,1.2385,-1.0
4.3316,-5.5289,1.0
-5.9318,-5.6888,-1.0
-4.0098,-1.1435,-1.0
1.8336,-2.1243,1.0
-3.6922,2.5498,1.0
1.1316,-2.681,1.0
-5.1396,1.9608,1.0
-0.6029,-5.4753,-1.0
-2.8254,-5.691,-1.0
-4.9741,2.1342,1.0
-1.4216,1.1856,1.0
-5.9088,5.6526,1.0
-2.6175,5.3052,1.0
2.1844,4.2225,-1.0
3.0381,3.267,-1.0
-2.8907,-2.3566,-1.0
-4.0,1.1476,1.0
4.7478,-5.7794,1.0
0.5177,4.8076,-1.0
3.1853,0.901,-1.0
4.3222,4.8682,-1.0
4.6533,-4.4774,1.0
-0.6552,3.6708,1.0
-2.9176,-3.819,-1.0
-3.2855,-2.0727,-1.0
-4.5414,5.6935,1.0
2.4585,-3.8337,1.0
1.0021,-0.5158,1.0
-1.9416,3.5297,1.0
-3.6958,-5.6235,-1.0
-5.5306,2.4257,1.0
2.7082,3.7732,-1.0
4.157,5.9121,-1.0
3.9104,-2.6396,1.0
-2.1193,-1.4429,-1.0
-2.5179,3.7463,1.0
0.7292,1.2858,-1.0
3.9215,-3.2925,1.0
4.9759,-3.0229,1.0
3.0343,-3.3895,1.0
3.3362,5.3417,-1.0
-2.709,-2.4705,-1.0
-2.7074,3.8369,1.0
0.9902,2.9224,-1.0
5.2773,-3.3603,1.0
-2.0697,5.7561,1.0
-5.142,4.5504,1.0
-5.4848,5.5842,1.0
4.1937,-3.9593,1.0
1.2024,1.9263,-1.0
-3.5792,3.9775,1.0
1.7575,-1.2245,1.0
-0.9682,2.2531,1.0
-3.1467,0.6011,1.0
-1.9305,-2.8554,-1.0
-1.5648,-0.7725,-1.0
5.8321,-1.612,1.0
4.8452,3.4336,-1.0
5.0378,3.4947,-1.0
3.8192,5.7678,-1.0
-1.8379,-1.0825,-1.0
-3.6326,-5.5766,-1.0
5.8902,-3.8491,1.0
-3.6354,-5.1175,-1.0
5.9258,-2.4182,1.0
-5.3679,-4.5465,-1.0
-4.6008,-1.9491,-1.0
-1.3532,4.7891,1.0
-1.4021,3.7612,1.0
2.5585,-1.7599,1.0
-4.6237,1.2123,1.0
-2.4014,-4.7664,-1.0
2.4525,2.2117,-1.0
5.7971,5.8941,-1.0
-4.6275,-0.7193,-1.0
0.8166,-3.6915,1.0
3.5852,-2.0111,1.0
5.4323,-4.1465,1.0
-5.6414,-1.2973,-1.0
3.033,5.1769,-1.0
-1.1656,-2.3878,-1.0
-1.6393,-1.1826,-1.0
0.8486,-3.9089,1.0
-3.838,5.145,1.0
1.7466,2.753,-1.0
-1.1045,-4.0507,-1.0
4.1089,5.3409,-1.0
2.1808,4.7523,-1.0
-5.2249,1.3538,1.0
-1.7297,3.915,1.0
1.9203,-2.7388,1.0
-3.4916,3.4557,1.0
-2.1946,5.9322,1.0
-0.654,-4.4111,-1.0
1.4065,4.084,-1.0
5.1731,-4.9025,1.0
0.8719,2.5053,-1.0
1.7772,-0.7039,1.0
-4.2115,1.482,1.0
-1.6298,-5.0135,-1.0
-1.2311,0.7315,1.0
4.9647,4.4218,-1.0
3.1788,5.2495,-1.0
3.265,-4.5889,1.0
-2.7946,-5.3768,-1.0
4.4234,-3.4989,1.0
3.553,5.7992,-1.0
-4.4562,-0.7333,-1.0
1.3944,-1.2097,1.0
-0.9772,0.5983,1.0
2.2838,0.6515,-1.0
-3.4796,2.3432,1.0
2.5376,-5.7713,1.0
-1.974,3.6696,1.0
-5.6805,5.639,1.0
-5.5685,1.7344,1.0
3.6076,3.3372,-1.0
5.4477,-3.3405,1.0
1.3407,-5.7348,1.0
-0.8219,1.3842,1.0
-4.3153,-2.3468,-1.0
-4.6951,5.5889,1.0
-5.2299,-2.1437,-1.0
-3.1717,2.4082,1.0
2.9211,3.6806,-1.0
3.3512,4.4267,-1.0
-3.5614,-2.5699,-1.0
1.3361,0.8435,-1.0
1.9808,-4.8898,1.0
5.9798,2.4145,-1.0
1.1836,-4.6608,1.0
2.8399,-3.9471,1.0
2.7777,4.7291,-1.0
3.9004,-0.5735,1.0
5.7543,3.1204,-1.0
-0.8511,4.7195,1.0
-1.6815,5.5592,1.0
-1.295,5.1816,1.0
2.681,-1.3009,1.0
-3.1396,5.9828,1.0
-3.7429,4.9959,1.0
-2.5578,5.2701,1.0
-0.9297,1.5488,1.0
4.3227,3.1226,-1.0
-4.7665,0.7168,1.0
-1.5591,5.2766,1.0
-1.0156,-0.8096,-1.0
2.977,5.3862,-1.0
-5.9696,4.042,1.0
-2.4076,-2.9946,-1.0
2.9738,4.5726,-1.0
4.0798,1.273,-1.0
-2.3561,2.7804,1.0
-1.481,-5.4362,-1.0
5.1317,-4.7943,1.0
-5.5657,-5.6287,-1.0
5.8267,4.2786,-1.0
4.0017,0.8948,-1.0
5.812,5.0514,-1.0
3.5549,-0.5202,1.0
-5.6405,-3.377,-1.0
0.9879,-1.9498,1.0
2.5618,-5.6015,1.0
0.5607,3.8748,-1.0
-2.4187,-4.9262,-1.0
-3.0371,-5.6205,-1.0
-4.1013,-2.6269,-1.0
-3.8623,4.7654,1.0
1.0412,0.8448,-1.0
-1.8157,5.0662,1.0
1.8528,-0.6255,1.0
3.2824,-5.2938,1.0
-4.1353,2.4854,1.0
-1.105,4.8249,1.0
3.8584,-2.3248,1.0
-2.8349,0.6609,1.0
1.3273,-5.6681,1.0
1.1676,1.2394,-1.0
-3.1812,-4.4464,-1.0
-0.9142,1.0863,1.0
5.955,2.7236,-1.0
4.6854,1.1905,-1.0
-4.4064,3.7466,1.0
2.7888,0.9873,-1.0
-5.8109,1.4792,1.0
2.6114,-1.567,1.0
-3.6509,0.6236,1.0
-2.6646,4.9361,1.0
3.9314,5.0566,-1.0
-0.8328,1.6545,1.0
5.7614,0.9019,-1.0
2.4699,-3.6598,1.0
-5.59,5.2398,1.0
1.1508,1.3102,-1.0
-3.1213,-0.9487,-1.0
4.2847,5.8844,-1.0
1.0114,2.166,-1.0
-1.1746,0.9133,1.0
-2.1334,5.5286,1.0
5.6267,-4.4921,1.0
-5.3407,5.9142,1.0
-1.2529,1.7709,1.0
-1.7341,-4.1729,-1.0
-4.6289,5.4097,1.0
-5.1681,-5.753,-1.0
3.834,-3.4556,1.0
-2.3492,-4.0363,-1.0
3.9617,-2.6001,1.0
-1.4058,2.4562,1.0
-0.7001,5.2855,1.0
-4.2237,4.6703,1.0
5.923,-5.2782,1.0
3.9297,5.0851,-1.0
-5.747,4.2579,1.0
4.6816,2.7391,-1.0
-3.6485,5.4298,1.0
2.9596,2.7098,-1.0
-1.6606,-1.1507,-1.0
4.9913,-2.2539,1.0
5.7608,3.9626,-1.0
-3.4218,-3.9434,-1.0
4.8429,-5.1692,1.0
-4.271,1.4979,1.0
0.9626,-2.4158,1.0
-2.1123,0.6396,1.0
-5.7352,-3.6992,-1.0
0.5666,1.2361,-1.0
-4.5832,-1.572,-1.0
-3.0265,5.3608,1.0
-2.4641,-5.9372,-1.0
-3.4086,-1.8255,-1.0
-3.0683,-1.7895,-1.0
1.4642,2.0908,-1.0
1.8667,-1.7071,1.0
3.3769,-4.5006,1.0
-1.8716,2.1553,1.0
-2.0265,4.3296,1.0
-2.3264,-1.0393,-1.0
-2.1363,1.1076,1.0
-0.6328,1.4564,1.0
2.6926,4.6899,-1.0
-4.9739,5.7165,1.0
-3.9077,-1.403,-1.0
3.3848,-3.7772,1.0
-1.3084,0.617,1.0
4.8211,0.8421,-1.0
-0.5874,-3.9598,-1.0
-4.9071,1.9891,1.0
-1.7597,4.1745,1.0
2.2857,2.1241,-1.0
-0.7811,1.4701,1.0
5.5737,-1.082,1.0
2.4923,1.8304,-1.0
2.5694,-0.9353,1.0
5.7099,-2.5558,1.0
5.1555,-5.0759,1.0
5.0684,-2.4389,1.0
4.1317,5.1164,-1.0
-4.0896,-3.2561,-1.0
-3.94,4.3898,1.0
-1.0831,-0.6823,-1.0
3.8879,4.2265,-1.0
-5.5928,4.1241,1.0
-4.2896,4.8995,1.0
3.4442,2.4185,-1.0
-4.1801,0.6084,1.0
3.0776,-3.2962,1.0
4.1106,4.1651,-1.0
1.1162,-1.5568,1.0
-3.9702,-1.9415,-1.0
0.6441,4.2379,-1.0
0.9002,-1.246,1.0
1.1085,-2.7737,1.0
4.996,3.4866,-1.0
1.1587,-1.2252,1.0
5.5567,3.9287,-1.0
-2.0181,-3.566,-1.0
5.8898,3.9799,-1.0
-4.1838,-4.0582,-1.0
4.7103,4.4145,-1.0
2.2603,-3.3125,1.0
-1.7866,-3.2236,-1.0
2.8764,1.0795,-1.0
-5.0941,-4.4463,-1.0
-1.0084,2.8178,1.0
4.2972,-1.2245,1.0
0.6056,0.9271,-1.0
4.7322,-3.8629,1.0
1.1683,5.7624,-1.0
1.6051,1.1388,-1.0
-1.0509,-5.9334,-1.0
2.5469,2.1393,-1.0
-1.4419,3.3841,1.0
-4.141,0.9918,1.0
1.9471,3.5674,-1.0
4.4602,-2.661,1.0
-3.5264,-1.8348,-1.0
-2.4499,0.8595,1.0
-3.9776,5.8408,1.0
-5.7971,0.5605,1.0
-2.6407,-3.5236,-1.0
-2.2435,1.9289,1.0
-1.0162,-4.7563,-1.0
-1.0909,4.6998,1.0
0.8138,5.8965,-1.0
-1.1623,-1.708,-1.0
-4.3805,5.3109,1.0
-1.8685,-3.9589,-1.0
-5.4199,-3.2119,-1.0
-3.2155,-5.4175,-1.0
-2.1056,1.1228,1.0
0.9593,-2.6084,1.0
-4.0777,-0.9426,-1.0
4.1375,0.7577,-1.0
1.9005,-2.6565,1.0
-2.9376,2.4289,1.0
4.0253,5.6922,-1.0
2.4012,-3.1412,1.0
-1.5624,4.3949,1.0
-0.9585,-4.2961,-1.0
-0.5826,-2.7488,-1.0
0.6583,-3.6805,1.0
3.9077,5.1583,-1.0
4.3069,4.9244,-1.0
-5.4691,-2.2301,-1.0
1.7134,4.2077,-1.0
1.1464,-4.5205,1.0
4.5762,-5.4422,1.0
-4.2711,-2.0707,-1.0
-2.4128,-4.509,-1.0
-4.4334,1.6353,1.0
3.4485,-0.8508,1.0
2.168,2.1467,-1.0
3.7327,5.7686,-1.0
2.5732,-3.1116,1.0
-1.9102,-0.793,-1.0
1.14,3.1155,-1.0
4.9802,-2.6432,1.0
1.2104,-5.8314,1.0
-3.873,0.7828,1.0
-5.559,-2.7855,-1.0
3.6968,-3.4508,1.0
-0.6566,-3.7552,-1.0
5.3216,3.3488,-1.0
0.8919,2.0635,-1.0
0.7307,0.9911,-1.0
-3.6321,-0.7595,-1.0
-1.236,5.5906,1.0
5.4231,3.9363,-1.0
1.3837,-3.762,1.0
-2.6531,-3.8119,-1.0
-5.7126,-4.7786,-1.0
-2.7782,5.3448,1.0
3.1181,2.0455,-1.0
2.4013,-3.2678,1.0
5.3246,-5.3296,1.0
-4.6375,1.9286,1.0
3.7617,5.8581,-1.0
3.027,2.7281,-1.0
0.5667,4.9453,-1.0
-0.8475,-2.511,-1.0
2.9027,5.7329,-1.0
-2.8647,3.1393,1.0
-4.6197,-3.9555,-1.0
-1.1467,-4.3339,-1.0
-5.4806,3.975,1.0
2.0019,4.9383,-1.0
3.9751,-2.1847,1.0
-3.2651,4.0828,1.0
3.0778,-4.1471,1.0
-3.3184,-2.0492,-1.0
-2.827,1.765,1.0
3.8562,3.6325,-1.0
-4.489,-1.937,-1.0
0.9666,-1.2226,1.0
5.9984,-2.0444,1.0
-1.7539,-4.9763,-1.0
-0.6484,5.2412,1.0
1.5341,2.2153,-1.0
-1.0937,2.2551,1.0
-4.0619,-4.1541,-1.0
-4.8305,-4.7076,-1.0
-2.4142,5.6923,1.0
5.2411,5.8954,-1.0
-5.3627,1.7208,1.0
-5.7169,5.3064,1.0
2.3315,3.28,-1.0
-2.448,-5.4359,-1.0
4.6144,1.4182,-1.0
5.4322,-1.9385,1.0
-2.402,-5.8396,-1.0
2.7192,-1.1962,1.0
-4.9221,3.0964,1.0
-4.1431,3.3913,1.0
5.3,2.9505,-1.0
2.8435,0.5787,-1.0
-4.6807,-2.1797,-1.0
5.7669,3.0219,-1.0
5.4796,-4.4951,1.0
-4.9231,0.5351,1.0
5.024,-1.5905,1.0
-4.4598,-1.0165,-1.0
4.266,-2.1002,1.0
-2.1297,-4.4283,-1.0
-5.7508,4.1215,1.0
-4.4488,4.2834,1.0
4.0415,2.5752,-1.0
2.5214,3.312,-1.0
1.0317,2.2268,-1.0
-2.5015,-2.5336,-1.0
5.9613,-5.4229,1.0
-0.7013,-0.9059,-1.0
3.7276,-1.221,1.0
-3.1835,4.5291,1.0
-2.2367,3.6932,1.0
2.7651,-5.8997,1.0
-5.3422,4.4725,1.0
-2.2673,-1.0756,-1.0
2.1757,5.2848,-1.0
3.4823,2.0808,-1.0
-2.6061,-5.9502,-1.0
-3.327,-3.2355,-1.0
5.9242,-2.1144,1.0
-3.392,3.1432,1.0
-2.7417,4.5563,1.0
5.131,1.666,-1.0
-1.4389,-4.419,-1.0
3.1474,3.182,-1.0
-2.7501,3.1183,1.0
4.7942,2.9658,-1.0
3.9107,-5.2701,1.0
1.8266,5.7123,-1.0
3.7033,0.524,-1.0
1.2088,-5.2802,1.0
1.1429,-0.7673,1.0
2.497,-2.2792,1.0
-4.9262,0.9232,1.0
4.1586,-2.0612,1.0
3.3494,3.0282,-1.0
-1.4383,-1.9702,-1.0
1.2189,4.5583,-1.0
-4.7416,1.9268,1.0
5.4729,-5.0117,1.0
1.4616,2.0718,-1.0
1.929,2.7415,-1.0
5.3781,2.88,-1.0
-4.5606,-1.6407,-1.0
1.2289,3.0447,-1.0
-3.474,-3.1738,-1.0
0.6989,1.9864,-1.0
2.4736,-3.7255,1.0
5.8076,-1.0608,1.0
1.1116,-2.2294,1.0
-1.1744,2.8175,1.0
-1.9905,1.3588,1.0
4.9704,-1.8144,1.0
-0.8808,5.2935,1.0
-2.1998,3.7729,1.0
2.9167,4.8,-1.0
-5.3896,-5.2756,-1.0
2.6534,5.1588,-1.0
3.5482,3.3671,-1.0
3.1068,-1.4411,1.0
-4.5076,2.9931,1.0
5.2743,5.502,-1.0
1.374,5.8963,-1.0
-5.4059,-5.9542,-1.0
-2.1392,1.7004,1.0
-4.3246,5.5317,1.0
3.8318,-5.4137,1.0
-0.5251,-3.7802,-1.0
-1.2084,-5.7158,-1.0
2.9068,3.8192,-1.0
2.9152,-5.0021,1.0
-1.0653,4.3208,1.0
1.8155,4.4749,-1.0
0.5624,-4.8971,1.0
5.9031,-2.3282,1.0
1.3342,-4.0562,1.0
-1.2937,-1.9416,-1.0
1.609,-1.5834,1.0
5.7283,-5.1001,1.0
2.4546,4.757,-1.0
4.295,5.4505,-1.0
0.8359,-5.7836,1.0
-2.5163,3.5363,1.0
2.3077,-2.2573,1.0
-2.6565,-5.6561,-1.0
2.6696,5.6108,-1.0
1.1635,-2.3491,1.0
-2.6308,-2.12,-1.0
-3.4028,1.8374,1.0
4.8012,0.8171,-1.0
-5.1312,-5.9999,-1.0
-5.9914,-5.5537,-1.0
2.342,-1.1369,1.0
5.8592,-2.4996,1.0
-0.6655,5.1139,1.0
-1.2787,5.8542,1.0
-2.8195,5.696,1.0
0.7375,1.2513,-1.0
2.2802,-4.6935,1.0
-0.5906,-4.3283,-1.0
-5.9578,-2.3015,-1.0
1.5287,-3.5322,1.0
2.1672,5.8153,-1.0
-1.9948,4.5592,1.0
0.8749,3.2078,-1.0
-1.6755,-2.8095,-1.0
-2.1718,2.7106,1.0
-5.776,0.9187,1.0
-4.3773,-4.3442,-1.0
1.7354,4.364,-1.0
0.645,-2.4603,1.0
5.8232,1.0604,-1.0
2.3814,-2.5688,1.0
-4.4516,-3.7751,-1.0
2.2145,-4.6972,1.0
-3.5231,-4.4926,-1.0
-2.7979,-3.0545,-1.0
2.5949,-5.1225,1.0
-4.3932,2.3342,1.0
-5.8542,1.3723,1.0
-4.6696,-4.1715,-1.0
-3.2961,5.0357,1.0
4.6883,-4.7352,1.0
5.4013,-5.7821,1.0
-1.8943,3.6237,1.0
0.8374,5.3591,-1.0
-5.901,-4.3127,-1.0
4.704,0.521,-1.0
-1.0365,-0.8505,-1.0
-2.913,2.6845,1.0
1.4576,4.3884,-1.0
4.9978,4.0466,-1.0
4.9004,0.5546,-1.0
2.0875,-2.5928,1.0
-1.0341,-1.8698,-1.0
4.4398,1.9928,-1.0
-3.308,5.5293,1.0
4.8109,4.7511,-1.0
-4.3283,-1.5058,-1.0
-5.86,-1.1802,-1.0
5.7101,-2.0532,1.0
3.0252,-5.1006,1.0
1.2393,-4.1231,1.0
-1.4952,-4.5407,-1.0
2.0453,-4.0716,1.0
3.9117,-2.7421,1.0
2.3383,1.7396,-1.0
2.7694,0.6298,-1.0
2.2785,0.8944,-1.0
5.63,-2.9882,1.0
3.4266,-2.3322,1.0
-4.8615,-3.8053,-1.0
-4.3652,-2.3069,-1.0
0.9873,2.6349,-1.0
1.3434,-2.1916,1.0
-1.5798,2.1196,1.0
3.0447,-2.1002,1.0
5.3033,5.0951,-1.0
4.6589,3.8162,-1.0
-3.0336,1.2706,1.0
2.0608,-2.2076,1.0
-3.7394,-4.8208,-1.0
2.9608,-5.8351,1.0
-5.6185,2.0787,1.0
-4.0228,2.4504,1.0
1.2017,-0.8798,1.0
5.3763,5.0878,-1.0
3.5926,4.6592,-1.0
1.6468,2.6733,-1.0
-4.2856,0.9694,1.0
-4.7505,-3.886,-1.0
4.5559,4.9218,-1.0
0.9451,1.2186,-1.0
2.6851,-1.2546,1.0
-2.497,-3.84,-1.0
-5.1419,2.8327,1.0
2.1309,2.2467,-1.0
-0.8393,-0.6813,-1.0
-3.1492,2.7977,1.0
-3.0001,-5.0363,-1.0
-2.6894,-5.4936,-1.0
2.5385,-1.3537,1.0
2.4429,4.6175,-1.0
3.296,0.8195,-1.0
1.3383,2.3721,-1.0
-5.8093,-0.6613,-1.0
-2.0065,5.972,1.0
-5.5505,-4.0278,-1.0
-0.7054,3.4534,1.0
-4.4674,3.7858,1.0
2.3051,4.9612,-1.0
-5.2342,-5.1052,-1.0
5.243,-4.6402,1.0
-0.6673,0.8689,1.0
-5.6278,-1.6685,-1.0
1.2687,-4.4332,1.0
4.875,2.0862,-1.0
4.4714,2.1489,-1.0
1.5146,3.4131,-1.0
0.5668,-2.1776,1.0
4.8176,5.4836,-1.0
4.5999,-2.8616,1.0
-1.85,1.2155,1.0
2.8003,-1.0785,1.0
-2.9793,5.3881,1.0
-4.3982,2.3436,1.0
5.6116,-4.2148,1.0
-1.5538,2.8041,1.0
2.215,3.6544,-1.0
3.4471,5.7576,-1.0
-2.7373,-4.4802,-1.0
0.5596,-3.5475,1.0
1.2824,4.3089,-1.0
1.8604,-2.2587,1.0
5.4164,-1.3808,1.0
1.4759,1.6866,-1.0
2.052,1.5456,-1.0
-0.8942,3.8872,1.0
3.1454,1.7553,-1.0
1.4988,-0.5672,1.0
5.3965,-5.5678,1.0
-0.5789,2.8032,1.0
5.144,4.389,-1.0
2.4808,2.41,-1.0
2.529,-0.6918,1.0
3.5622,-3.9845,1.0
2.4154,-4.6935,1.0
-1.0081,-4.5106,-1.0
-3.1138,2.6945,1.0
-1.266,3.479,1.0
-2.1913,-5.1228,-1.0
5.9818,5.766,-1.0
0.7113,1.1761,-1.0
-4.1126,-1.7956,-1.0
-5.4879,4.8968,1.0
0.9238,0.9158,-1.0
3.3172,3.5388,-1.0
-3.6788,-5.8795,-1.0
-5.9307,-2.3644,-1.0
1.6348,-1.3571,1.0
-4.1241,2.3383,1.0
-3.0775,5.8301,1.0
3.7101,-5.0788,1.0
-1.3963,-5.8614,-1.0
-5.5633,-1.7065,-1.0
-3.5782,-1.9196,-1.0
4.958,-1.9763,1.0
4.4929,2.236,-1.0
0.9059,-4.6688,1.0
-1.8111,0.7583,1.0
-5.3688,-0.7699,-1.0
4.1133,3.7646,-1.0
-4.3267,3.752,1.0
3.2822,4.4226,-1.0
-4.4854,-4.9789,-1.0
1.1246,-4.0974,1.0
4.0525,-4.8138,1.0
-1.6371,-3.1262,-1.0
2.6007,2.2234,-1.0
-2.4124,-2.3965,-1.0
3.5138,3.2534,-1.0
-2.8537,-1.8839,-1.0
-5.4831,5.3352,1.0
3.6082,-5.5632,1.0
-4.6581,3.1082,1.0
-4.9018,2.4049,1.0
5.0202,-3.3973,1.0
-5.3369,-2.4287,-1.0
-2.5287,5.059,1.0
-5.4628,2.4932,1.0
3.9333,-2.5177,1.0
1.8238,2.4803,-1.0
5.7977,-4.3959,1.0
-2.5849,-4.1006,-1.0
-1.3492,-4.5687,-1.0
2.0399,-2.1749,1.0
-5.4268,-2.1135,-1.0
2.5751,-2.2961,1.0
-2.1822,-2.1297,-1.0
-5.88,-5.9503,-1.0
3.999,4.3925,-1.0
-5.1077,-2.7515,-1.0
-0.967,-5.2967,-1.0
-2.8553,-0.673,-1.0
1.5553,2.3733,-1.0
-3.9772,0.9554,1.0
5.7777,3.3742,-1.0
4.5037,5.7834,-1.0
0.8308,0.6284,-1.0
-1.4571,-3.4606,-1.0
2.7164,4.8478,-1.0
3.0289,3.3074,-1.0
-5.2031,1.4645,1.0
-2.5278,-4.5293,-1.0
4.4915,-1.5185,1.0
4.9274,4.8185,-1.0
-3.4793,-2.3885,-1.0
-4.9692,-0.7628,-1.0
-3.2029,3.7067,1.0
0.9172,-1.7459,1.0
-2.0033,-2.5829,-1.0
4.3922,1.2744,-1.0
-1.0784,5.4393,1.0
-4.6824,4.1577,1.0
5.0455,-4.2201,1.0
-0.9769,-4.6339,-1.0
-2.3507,5.1706,1.0
-3.2092,-2.4927,-1.0
3.9077,4.7921,-1.0
-3.676,-4.6224,-1.0
-2.6939,2.9796,1.0
0.9519,2.2395,-1.0
-2.3271,-4.4718,-1.0
4.7705,3.0975,-1.0
2.8332,-5.3548,1.0
-4.2569,4.8933,1.0
-5.0872,-0.5833,-1.0
0.642,3.675,-1.0
-2.311,-2.9601,-1.0
2.4035,2.0167,-1.0
-3.8164,-3.6108,-1.0
3.1649,-5.1841,1.0
-2.6128,5.3325,1.0
-2.2252,-3.9072,-1.0
-5.2295,4.7255,1.0
-3.2214,-2.0806,-1.0
-1.0045,3.8028,1.0
0.7374,-1.7108,1.0
0.6104,-0.6655,1.0
-4.2462,-3.1675,-1.0
-3.1803,-0.97,-1.0
3.3609,-1.2313,1.0
4.9768,0.5487,-1.0
5.7273,-5.8174,1.0
-2.7056,-3.8131,-1.0
5.0743,2.0109,-1.0
-2.6474,1.2529,1.0
3.2789,-5.8783,1.0
5.8673,0.8977,-1.0
-5.798,-5.4396,-1.0
3.6393,-2.3761,1.0
3.7085,-3.4963,1.0
-1.4446,-0.8689,-1.0
-1.5053,4.2862,1.0
1.311,1.3083,-1.0
-3.6966,-4.2308,-1.0
3.2688,-2.7806,1.0
-4.3452,5.0636,1.0
5.6691,-2.6911,1.0
5.4597,5.3876,-1.0
-1.0659,1.2525,1.0
5.0236,1.3184,-1.0
-1.6231,5.7248,1.0
-4.019,3.3198,1.0
-3.154,-2.68,-1.0
1.0672,-1.8296,1.0
-4.251,5.42,1.0
-1.7281,-5.1108,-1.0
-5.111,5.3012,1.0
1.7905,2.6422,-1.0
-3.645,1.7813,1.0
-1.6089,-2.2318,-1.0
-3.6799,-4.6339,-1.0
4.5461,2.3986,-1.0
-1.9571,1.0638,1.0
-1.2791,-5.9331,-1.0
0.982,3.6926,-1.0
-1.3293,0.6867,1.0
2.2714,-5.4835,1.0
-0.7711,1.339,1.0
-0.8867,3.9328,1.0
1.349,-3.9112,1.0
-0.7472,-2.663,-1.0
1.6836,1.1105,-1.0
-5.391,-1.6183,-1.0
-0.6954,-2.1851,-1.0
-3.132,-2.125,-1.0
5.9265,-1.7287,1.0
1.984,5.9523,-1.0
-3.4574,-4.7853,-1.0
-1.2449,-4.2962,-1.0
1.8047,-2.3819,1.0
-2.661,-2.4332,-1.0
-3.7353,-5.7859,-1.0
-5.3808,-1.6893,-1.0
-5.0469,5.326,1.0
4.8404,-0.8046,1.0
4.2483,-1.7931,1.0
-5.8175,-2.1232,-1.0
-3.4484,-4.8611,-1.0
5.4065,2.2682,-1.0
4.6111,-0.765,1.0
3.3142,-3.3113,1.0
-1.2855,-0.6481,-1.0
-0.6276,-2.3001,-1.0
-4.3928,-2.2929,-1.0
-3.0105,-2.8976,-1.0
-5.2182,-4.3919,-1.0
-1.3251,-5.4401,-1.0
-5.617,-5.1033,-1.0
-5.4465,-0.9345,-1.0
-3.8889,-2.6077,-1.0
-2.6964,-1.2365,-1.0
5.2967,-2.8189,1.0
5.3979,-5.0257,1.0
1.9578,1.8575,-1.0
1.2371,-1.0461,1.0
1.9185,-5.3389,1.0
5.5962,-3.1685,1.0
1.3189,2.1132,-1.0
-4.8925,-3.1582,-1.0
3.1563,4.8623,-1.0
5.1108,-0.6327,1.0
4.5067,4.1154,-1.0
5.7473,-4.5827,1.0
4.6326,2.9035,-1.0
5.4856,-5.7612,1.0
-5.6726,-1.4736,-1.0
-1.9124,-4.9055,-1.0
3.7137,-4.2045,1.0
-3.2841,1.6274,1.0
1.6313,4.8391,-1.0
0.58,-2.5264,1.0
-5.7142,-3.5986,-1.0
4.6119,-2.8798,1.0
3.2333,3.6316,-1.0
3.2641,1.6177,-1.0
5.6045,5.7292,-1.0
-5.4419,4.3075,1.0
-3.9539,2.4024,1.0
0.5996,-2.0161,1.0
2.5934,1.7526,-1.0
-3.6405,5.8288,1.0
4.6935,-2.3285,1.0
-4.6941,-4.6201,-1.0
-2.9133,-1.8515,-1.0
4.8929,3.216,-1.0
1.663,-2.3007,1.0
3.9535,-4.5164,1.0
2.9991,4.8698,-1.0
5.1301,-4.5877,1.0
4.1775,-5.9683,1.0
-5.8602,0.5715,1.0
0.8818,4.2242,-1.0
2.6406,-2.2419,1.0
2.2024,-5.7142,1.0
1.6743,2.6732,-1.0
4.6527,5.022,-1.0
3.8837,5.988,-1.0
4.0263,-2.9932,1.0
-2.4688,1.5182,1.0
-0.814,1.4442,1.0
4.9877,2.5279,-1.0
-5.3288,0.572,1.0
4.7307,1.9872,-1.0
-1.6285,0.7035,1.0
-1.5204,4.6857,1.0
-4.424,5.9514,1.0
4.1989,-2.4002,1.0
-3.7306,3.7019,1.0
1.5003,-5.0663,1.0
5.1189,3.9701,-1.0
0.5513,1.184,-1.0
4.2351,-1.3904,1.0
3.7902,1.9295,-1.0
-5.3055,-2.9086,-1.0
3.7677,-4.6409,1.0
-4.4549,2.7042,1.0
-5.0,5.2844,1.0
1.5236,0.7749,-1.0
5.9157,3.8426,-1.0
2.0256,-2.8785,1.0
-4.4498,3.477,1.0
-2.9464,2.8916,1.0
4.5917,-4.4886,1.0
-4.2103,1.4932,1.0
3.7243,-0.5481,1.0
3.7469,2.5228,-1.0
1.4544,1.1865,-1.0
-2.1299,3.2233,1.0
4.5198,-0.9013,1.0
-3.1277,1.4709,1.0
2.1249,2.4813,-1.0
-1.2118,-3.3802,-1.0
-4.4775,-2.2594,-1.0
3.2094,-3.6333,1.0
-5.1505,-0.8238,-1.0
4.1822,5.8021,-1.0
-4.3852,2.0798,1.0
0.9664,4.7644,-1.0
-5.5372,3.4805,1.0
-2.5223,3.8173,1.0
1.4001,-3.0346,1.0
5.464,-5.8648,1.0
2.3513,-5.859,1.0
-1.5858,-5.4906,-1.0
0.8567,3.1624,-1.0
3.7445,-5.2764,1.0
-0.7045,-4.0587,-1.0
1.1676,5.4053,-1.0
3.4167,5.8024,-1.0
-1.573,-4.418,-1.0
4.6015,4.7359,-1.0
-5.9494,4.1233,1.0
-0.689,3.241,1.0
1.3245,-5.4736,1.0
5.7239,-4.133,1.0
-0.9971,-3.3433,-1.0
-2.5124,-5.1484,-1.0
-2.2987,-5.6123,-1.0
-4.5684,-5.0141,-1.0
-2.0772,5.2063,1.0
-1.372,-0.6181,-1.0
1.2434,5.2607,-1.0
2.4282,-1.9679,1.0
-4.2119,-3.2706,-1.0
1.7609,-5.87,1.0
-0.7534,4.849,1.0
-4.8321,5.5646,1.0
-2.1721,3.6905,1.0
1.4291,-5.0813,1.0
-5.0241,0.8731,1.0
-2.5098,-4.4464,-1.0
-4.2357,4.4548,1.0
3.4698,3.5454,-1.0
-2.6348,4.9157,1.0
3.7648,-2.1906,1.0
-5.3739,-2.758,-1.0
5.9909,5.5462,-1.0
-2.4998,-0.7668,-1.0
2.4116,5.0469,-1.0
-4.5776,-1.8267,-1.0
1.25,-2.5737,1.0
-3.0632,-1.4639,-1.0
3.6439,-3.8211,1.0
3.1832,2.1476,-1.0
-4.6698,5.0051,1.0
2.2347,4.0226,-1.0
3.1463,-1.2517,1.0
-4.1363,-3.6153,-1.0
3.8738,-5.5594,1.0
3.9996,0.5808,-1.0
3.4024,-3.3572,1.0
3.5459,2.9422,-1.0
3.4895,-2.9738,1.0
-1.3187,5.6649,1.0
-5.2328,0.5255,1.0
-1.9768,-2.7892,-1.0
1.1535,-2.7992,1.0
1.2341,5.1958,-1.0
-1.6094,2.6138,1.0
4.9085,5.7531,-1.0
-3.739,-1.7561,-1.0
-1.5809,5.6548,1.0
3.3548,3.8318,-1.0
-4.9807,-0.608,-1.0
-5.2768,-1.1739,-1.0
-3.6138,3.6115,1.0
5.0169,-3.5153,1.0
-2.9213,-5.5685,-1.0
-3.7042,1.2665,1.0
5.3289,5.8022,-1.0
2.4552,3.019,-1.0
-3.468,-5.135,-1.0
-2.4934,1.81,1.0
-3.4013,-4.8855,-1.0
-4.0422,4.4788,1.0
-4.7608,-1.8145,-1.0
2.0714,-3.8413,1.0
-1.0715,3.1809,1.0
5.6869,0.765,-1.0
4.5319,3.3547,-1.0
3.6899,4.6109,-1.0
-4.4207,-5.1662,-1.0
3.8033,5.9662,-1.0
-3.6097,-0.7672,-1.0
3.7351,0.8613,-1.0
